AppID,Name,Release date,Estimated owners,Peak CCU,Price,Positive,Negative,Genres,Price_USD,Total_Reviews,Pct_Positive,Genre_Utama,Tahun_Rilis,Bulan_Rilis
1004210,Pandamonia 潘德莫尼亚,2019-04-29,0 - 20000,0,0.75,132,8,"Action,Casual,Indie,RPG,Sports",0.75,140,94.29,Action,2019,4
876650,Aground,2020-04-17,100000 - 200000,17,5.09,1733,108,"Adventure,Indie,RPG",5.09,1841,94.13,Adventure,2020,4
1274840,Escape from GULAG,2020-07-21,0 - 20000,0,0.79,57,11,"Action,Casual,Indie,Simulation,Strategy",0.79,68,83.82,Action,2020,7
939920,FaceFun,2018-10-03,0 - 20000,0,4.99,7,14,"Animation & Modeling,Design & Illustration,Utilities,Video Production",4.99,21,33.33,Animation & Modeling,2018,10
3057390,Banana Monkeys,2024-07-05,0 - 0,0,0.0,0,0,"Adventure,Casual,Simulation,Strategy,Free To Play",0.0,0,0.0,Adventure,2024,7
4032790,Mary's Quest,2025-10-08,0 - 0,0,0.0,0,0,"Adventure,Indie,Free To Play",0.0,0,0.0,Adventure,2025,10
3737860,Sparkfront: Online,2025-07-07,0 - 20000,0,2.09,0,0,"Action,Casual,Indie,Strategy",2.09,0,0.0,Action,2025,7
860880,Castle: Jigsaw Puzzles,2018-05-23,0 - 20000,0,0.55,13,4,"Adventure,Casual,Indie,Simulation,Sports,Strategy",0.55,17,76.47,Adventure,2018,5
3386230,Sewers Adventures,2025-02-03,0 - 0,0,0.0,0,0,"Action,Adventure,Indie,Free To Play",0.0,0,0.0,Action,2025,2
2222770,Mimi the Cat - Mimi's Scratcher,2022-12-16,0 - 20000,0,0.89,28,4,"Casual,Indie,Strategy",0.89,32,87.5,Casual,2022,12
286240,Dog Sled Saga,2016-09-22,20000 - 50000,0,1.59,720,67,"Indie,Racing,RPG,Sports",1.59,787,91.49,Indie,2016,9
2988330,Me & My Friend Pippa!,2024-11-01,0 - 20000,0,4.99,5,0,"Adventure,Indie,RPG",4.99,5,100.0,Adventure,2024,11
1139160,Divided Reigns,2021-04-02,0 - 20000,0,2.49,131,14,"Adventure,Indie,RPG,Strategy",2.49,145,90.34,Adventure,2021,4
2124770,Tuin,2022-08-26,0 - 20000,0,2.49,108,27,"Casual,Indie,Simulation",2.49,135,80.0,Casual,2022,8
3642810,"Hug Me, Senpai!",2025-05-15,0 - 20000,1,0.89,0,0,"Casual,Indie,Simulation",0.89,0,0.0,Casual,2025,5
1504580,Maze Party,2021-01-19,0 - 20000,0,2.39,3,0,"Action,Adventure,Casual,Indie,Racing,RPG,Simulation,Early Access",2.39,3,100.0,Action,2021,1
4331030,Megabonk Apocalypse,2026-02-13,0 - 0,0,3.59,0,0,"Action,Adventure,Casual,Indie,Racing,RPG,Simulation,Sports,Early Access",3.59,0,0.0,Action,2026,2
2913890,Casino Simulator,2024-11-08,0 - 20000,0,5.99,4,10,"Simulation,Strategy,Early Access",5.99,14,28.57,Simulation,2024,11
4202400,FastCato,2026-02-13,0 - 0,0,3.24,0,0,"Adventure,Casual,Indie,Racing",3.24,0,0.0,Adventure,2026,2
1700690,Grandma's Footsteps,2022-02-22,0 - 20000,0,4.99,16,3,Casual,4.99,19,84.21,Casual,2022,2
1676520,Hidden Expedition: A King's Line Collector's Edition,2021-06-25,20000 - 50000,0,4.99,2,1,"Adventure,Casual",4.99,3,66.67,Adventure,2021,6
2536420,Midnight Acres,2023-10-25,0 - 20000,0,0.99,19,13,"Action,Indie,Simulation",0.99,32,59.38,Action,2023,10
3107960,Difficult times,2024-11-10,0 - 20000,0,0.79,14,5,"Casual,Simulation,Sports,Strategy",0.79,19,73.68,Casual,2024,11
1776970,月に寄りそう乙女の作法,2022-06-17,50000 - 100000,58,19.19,3656,92,"Adventure,Casual",19.19,3748,97.55,Adventure,2022,6
2505180,Ursine Science,2023-09-22,0 - 20000,0,1.49,0,0,"Adventure,Indie",1.49,0,0.0,Adventure,2023,9
4036650,Hentai Love,2025-10-14,0 - 0,0,2.09,0,0,"Casual,Indie",2.09,0,0.0,Casual,2025,10
2241000,Barely Working,2026-02-19,0 - 20000,0,14.99,0,0,"Action,Casual,Indie,Simulation,Strategy,Early Access",14.99,0,0.0,Action,2026,2
245050,SpellForce 2 - Demons of the Past,2014-01-16,200000 - 500000,5,4.99,168,171,"RPG,Strategy",4.99,339,49.56,RPG,2014,1
3203160,Talk to Me Human,2025-10-27,0 - 20000,0,9.99,0,0,"Casual,Indie",9.99,0,0.0,Casual,2025,10
917140,Amberial Dreams,2023-12-05,20000 - 50000,0,2.69,69,5,"Action,Indie",2.69,74,93.24,Action,2023,12
3373960,holo8,2025-02-12,0 - 20000,1,2.79,115,13,Indie,2.79,128,89.84,Indie,2025,2
3166250,Backrooms The Levels,2025-02-24,0 - 20000,0,14.99,4,3,"Adventure,Indie,Simulation,Early Access",14.99,7,57.14,Adventure,2025,2
669040,Whispered Secrets: Into the Beyond Collector's Edition,2017-07-17,0 - 20000,0,0.99,5,0,"Adventure,Casual",0.99,5,100.0,Adventure,2017,7
660730,Ventura Inc,2018-06-01,0 - 20000,0,18.99,9,4,"Indie,Massively Multiplayer,Simulation,Strategy,Early Access",18.99,13,69.23,Indie,2018,6
822750,Try to seize me,2018-04-17,0 - 20000,0,1.99,4,1,"Action,Casual,Indie",1.99,5,80.0,Action,2018,4
1635810,Planes Journey,2021-06-01,0 - 20000,0,7.99,0,0,Indie,7.99,0,0.0,Indie,2021,6
1541240,BOOOOOOOOOOOOOOOUNCE,2021-02-22,0 - 20000,0,0.49,18,7,"Casual,Indie",0.49,25,72.0,Casual,2021,2
2847830,Nephilim Resurrection,2024-06-28,20000 - 50000,0,5.99,7,0,"Action,Adventure,Indie,Early Access",5.99,7,100.0,Action,2024,6
370060,Coffee Shop Tycoon,2022-12-19,20000 - 50000,1,5.99,493,88,"Casual,Indie,Simulation,Strategy",5.99,581,84.85,Casual,2022,12
1937930,The Static,2024-12-16,20000 - 50000,0,6.99,14,0,"Action,Adventure,Casual,Indie,Early Access",6.99,14,100.0,Action,2024,12
1064600,BattleSteam,2022-07-31,0 - 20000,0,0.0,13,17,"Action,Free To Play,Indie,Massively Multiplayer,Early Access",0.0,30,43.33,Action,2022,7
394770,Owys,2015-08-25,0 - 20000,0,0.99,13,23,Indie,0.99,36,36.11,Indie,2015,8
1332460,足球梦之队,2022-09-28,0 - 0,0,0.0,0,0,"Free To Play,Massively Multiplayer,Sports,Strategy",0.0,0,0.0,Free To Play,2022,9
2987320,Animal Adventure,2025-03-16,0 - 0,0,0.0,0,0,"Action,Adventure,Casual,Indie,Racing,Sports,Free To Play,Early Access",0.0,0,0.0,Action,2025,3
1105050,Clipptic,2021-03-18,0 - 20000,0,8.99,0,0,"Design & Illustration,Utilities,Early Access",8.99,0,0.0,Design & Illustration,2021,3
1489010,The Picture in The House,2020-12-30,50000 - 100000,1,0.0,67,62,"Adventure,Free To Play,Indie",0.0,129,51.94,Adventure,2020,12
1606280,Hentai Aim Trainer,2021-11-16,0 - 20000,2,0.89,0,0,"Action,Adventure,Casual,Indie",0.89,0,0.0,Action,2021,11
2950820,impossible island,2024-05-13,0 - 20000,0,0.0,17,3,"Action,Adventure,Casual,Indie,RPG,Free To Play,Early Access",0.0,20,85.0,Action,2024,5
494530,Orc Hunter VR,2017-07-24,0 - 20000,0,0.0,10,14,"Action,Adventure,Indie",0.0,24,41.67,Action,2017,7
936940,DingDingDing,2018-09-27,0 - 20000,0,0.0,0,0,"Casual,Indie,Strategy",0.0,0,0.0,Casual,2018,9
3891970,Bleentoro,2025-12-07,0 - 0,0,0.0,0,0,"Casual,Indie,Simulation,Free To Play",0.0,0,0.0,Casual,2025,12
1776900,Sunny Beach,2021-10-18,0 - 20000,0,1.09,9,2,"Adventure,Casual,Indie",1.09,11,81.82,Adventure,2021,10
2650350,Super Puzzled Cat,2025-01-13,0 - 20000,1,12.74,69,0,"Action,Adventure,Indie",12.74,69,100.0,Action,2025,1
825060,Watch Over Christmas,2021-12-21,0 - 20000,1,6.79,56,2,"Adventure,Indie",6.79,58,96.55,Adventure,2021,12
323450,Alphadia Genesis,2015-01-12,20000 - 50000,1,4.99,103,28,"Action,Adventure,RPG",4.99,131,78.63,Action,2015,1
2372330,Poetry of Blood: Eclipse,2024-09-30,0 - 20000,5,9.74,164,24,"Action,Adventure,Indie,Early Access",9.74,188,87.23,Action,2024,9
1743810,The forgotten phobia,2021-09-15,0 - 20000,0,0.89,10,13,"Adventure,Casual,Indie,Strategy",0.89,23,43.48,Adventure,2021,9
1729790,Escape From School,2021-09-07,100000 - 200000,4,0.0,936,577,"Action,Adventure,Free To Play,Indie",0.0,1513,61.86,Action,2021,9
647640,ShockRods,2019-10-16,0 - 20000,0,4.99,33,10,Action,4.99,43,76.74,Action,2019,10
46720,Dimensity,2010-07-21,0 - 20000,0,2.69,6,19,RPG,2.69,25,24.0,RPG,2010,7
3058440,Prestis Silly Workshop,2025-10-13,0 - 0,0,4.99,0,0,"Action,Indie,Utilities,Early Access",4.99,0,0.0,Action,2025,10
414700,Outlast 2,2017-04-24,1000000 - 2000000,119,4.99,50676,4824,"Action,Adventure,Indie",4.99,55500,91.31,Action,2017,4
1939740,Little Merchant Legend,2022-08-28,0 - 20000,0,4.99,8,5,"Simulation,Early Access",4.99,13,61.54,Simulation,2022,8
3682620,SOS (Save Our Sandwiches),2025-05-08,50000 - 100000,0,0.99,1,1,Adventure,0.99,2,50.0,Adventure,2025,5
3560370,Éalú,2025-10-02,0 - 20000,0,14.99,0,0,"Adventure,Casual,Indie",14.99,0,0.0,Adventure,2025,10
1815290,Hitmen Party,2023-04-17,0 - 20000,0,4.89,19,1,"Action,Casual,Indie",4.89,20,95.0,Action,2023,4
1951540,The Tennis Master,2022-04-22,0 - 20000,0,0.99,0,0,"Action,Adventure,Sports",0.99,0,0.0,Action,2022,4
4127970,Femdom Hero 3,2025-11-12,0 - 20000,0,0.99,0,0,"Indie,Simulation",0.99,0,0.0,Indie,2025,11
1672630,Mononoke Slashdown,2021-08-25,0 - 20000,0,4.99,12,6,"Action,Casual",4.99,18,66.67,Action,2021,8
3213640,Thrice Cursed,2025-04-27,0 - 20000,0,3.99,4,1,"Action,Adventure,Indie,RPG",3.99,5,80.0,Action,2025,4
2413510,A Heroine Story,2023-08-30,0 - 20000,0,1.04,1,1,"Indie,RPG",1.04,2,50.0,Indie,2023,8
1814060,Virus at Home,2022-01-07,20000 - 50000,0,2.99,31,3,"Action,Adventure,Indie",2.99,34,91.18,Action,2022,1
1263610,"AftLife -Girl and Cats, and Lost world-",2020-03-25,0 - 20000,0,0.0,52,13,"Adventure,Casual,Free To Play,Indie",0.0,65,80.0,Adventure,2020,3
2810790,THE BELLIGERENCE,2024-02-19,0 - 20000,0,0.99,2,0,Action,0.99,2,100.0,Action,2024,2
3092260,Sit-Back Attack,2025-11-24,0 - 20000,0,8.99,0,0,"RPG,Strategy,Early Access",8.99,0,0.0,RPG,2025,11
2023810,Island Idle RPG,2022-08-19,0 - 20000,0,1.04,61,31,"Casual,Indie,RPG,Simulation,Strategy",1.04,92,66.3,Casual,2022,8
1096310,Bombrigade: Battlegrounds,2020-03-13,0 - 20000,0,0.0,13,14,"Action,Casual,Free To Play,Indie",0.0,27,48.15,Action,2020,3
4022550,Sammy The Sharky,2025-11-03,0 - 20000,0,0.59,0,0,Casual,0.59,0,0.0,Casual,2025,11
2541580,Cosmic Resistance,2023-12-28,0 - 20000,0,5.19,10,1,"Casual,Indie,Strategy",5.19,11,90.91,Casual,2023,12
954410,Color by Numbers - Animals,2018-11-22,0 - 20000,1,4.99,3,1,"Casual,Indie",4.99,4,75.0,Casual,2018,11
1556670,I'm a King,2021-04-22,0 - 20000,0,2.99,3,8,"Adventure,Indie,RPG,Simulation,Strategy",2.99,11,27.27,Adventure,2021,4
2725520,Pryzm,2024-08-07,0 - 20000,0,6.74,7,0,"Adventure,Indie",6.74,7,100.0,Adventure,2024,8
2470980,BUNNY BOND,2023-10-02,0 - 20000,1,7.99,0,0,"Casual,Indie",7.99,0,0.0,Casual,2023,10
3778160,Three Finger,2026-02-25,0 - 0,0,8.79,0,0,"Casual,Indie,Strategy,Early Access",8.79,0,0.0,Casual,2026,2
490890,Ne no Kami: The Two Princess Knights of Kyoto,2016-10-26,0 - 20000,1,3.99,157,23,"Adventure,Casual",3.99,180,87.22,Adventure,2016,10
2108310,Live Art: Impossible Challenge,2023-05-15,0 - 20000,0,1.59,12,0,"Action,Casual,Indie",1.59,12,100.0,Action,2023,5
4142900,Whispefall,2025-11-27,0 - 20000,0,0.99,0,0,Indie,0.99,0,0.0,Indie,2025,11
1896010,It's Hasegawa-san!?,2023-02-28,0 - 20000,0,1.09,60,27,"Action,Casual,Indie,RPG,Simulation",1.09,87,68.97,Action,2023,2
454240,A Tofu Tail,2019-12-12,0 - 20000,0,0.0,12,1,"Casual,Indie,Free To Play",0.0,13,92.31,Casual,2019,12
1175160,House of 1000 Doors: The Palm of Zoroaster,2019-10-23,0 - 20000,4,2.09,67,4,"Adventure,Casual,Indie",2.09,71,94.37,Adventure,2019,10
3271080,Mister Antonio,2024-11-18,0 - 0,0,0.99,0,0,Adventure,0.99,0,0.0,Adventure,2024,11
2646020,Lost In Lofi,2025-06-03,0 - 0,0,1.99,0,0,Indie,1.99,0,0.0,Indie,2025,6
684580,Shoppe Keep 2,2019-04-25,200000 - 500000,3,1.99,1250,970,"Adventure,Indie,RPG,Simulation,Strategy",1.99,2220,56.31,Adventure,2019,4
2202120,63 Days,2024-09-26,0 - 20000,12,12.89,297,83,"Action,Adventure,Strategy",12.89,380,78.16,Action,2024,9
2392150,"Jump Up, Jerry!",2023-04-29,0 - 20000,0,0.49,7,0,"Action,Casual,Indie",0.49,7,100.0,Action,2023,4
3349970,Gamestonk Simulator: Gone Rogue,2025-10-20,0 - 20000,0,8.79,0,0,"Indie,Simulation,Early Access",8.79,0,0.0,Indie,2025,10
566730,UMA-War VR,2017-01-05,0 - 20000,0,3.99,1,2,"Casual,Indie",3.99,3,33.33,Casual,2017,1
1284550,Geometric Feel the Beats,2020-08-19,0 - 20000,0,0.69,33,12,"Action,Casual,Indie",0.69,45,73.33,Action,2020,8
1334240,Sunset 20 Drone Racer,2020-06-15,0 - 20000,0,4.99,1,2,"Casual,Indie,Racing,Simulation",4.99,3,33.33,Casual,2020,6
3930720,DESCO,2025-11-11,0 - 20000,0,1.99,0,0,Casual,1.99,0,0.0,Casual,2025,11
801260,NOSTALGIC TRAIN,2018-06-12,20000 - 50000,1,11.99,145,42,"Adventure,Indie",11.99,187,77.54,Adventure,2018,6
1153840,Snow Island,2019-09-25,0 - 20000,1,0.99,37,1,"Action,Casual,Indie",0.99,38,97.37,Action,2019,9
3125410,Rela,2026-01-08,0 - 0,0,7.99,0,0,"Indie,Simulation",7.99,0,0.0,Indie,2026,1
2355670,"I will obey you, Mistress",2023-04-20,0 - 20000,0,2.99,0,0,"Adventure,Simulation",2.99,0,0.0,Adventure,2023,4
515570,UBERMOSH Vol.3,2016-08-15,200000 - 500000,7,0.49,274,34,"Action,Indie",0.49,308,88.96,Action,2016,8
3754480,SUPER_HASHIGO,2025-06-19,0 - 0,0,1.99,0,0,"Action,Casual,Indie",1.99,0,0.0,Action,2025,6
3315230,Rocket Squad: Infinity,2025-05-30,0 - 20000,0,2.99,35,33,"Action,Indie",2.99,68,51.47,Action,2025,5
2486760,Crocogame,2023-09-27,0 - 20000,0,4.99,5,0,Action,4.99,5,100.0,Action,2023,9
1510590,Buried Under Rocks,2021-02-17,0 - 20000,0,8.99,1,2,"Action,Adventure,Indie",8.99,3,33.33,Action,2021,2
3366070,Champi,2025-01-03,0 - 20000,0,0.0,0,0,"Indie,Strategy,Free To Play,Early Access",0.0,0,0.0,Indie,2025,1
644530,The Maid_san's Caving Adventure - メイドさん洞窟探検 -,2017-06-21,0 - 20000,0,2.49,7,9,"Action,Indie",2.49,16,43.75,Action,2017,6
2875920,Twizzle Puzzle: Monkeys,2024-03-23,0 - 0,0,0.55,0,0,"Casual,Indie",0.55,0,0.0,Casual,2024,3
1550870,The Indigo Parallel,2022-11-24,0 - 20000,1,4.02,221,4,Adventure,4.02,225,98.22,Adventure,2022,11
3076350,Pixel Collector,2024-07-31,0 - 0,0,0.0,0,0,"Simulation,Free To Play",0.0,0,0.0,Simulation,2024,7
2651100,Infinite White: Hyperbolic Time Chamber Simulator,2023-11-06,0 - 20000,0,1.99,0,0,Indie,1.99,0,0.0,Indie,2023,11
2797170,我愛師大附中HSNU,2024-02-23,0 - 20000,0,0.0,0,0,"Casual,Massively Multiplayer,RPG,Free To Play",0.0,0,0.0,Casual,2024,2
3788260,Street Errands,2025-07-19,0 - 0,0,0.99,0,0,"Action,Casual",0.99,0,0.0,Action,2025,7
498680,In The Shadow Of The Truth,2016-10-17,0 - 20000,0,4.99,11,5,"Adventure,Indie",4.99,16,68.75,Adventure,2016,10
4107970,Once Upon a Shell,2025-12-26,0 - 0,0,0.0,0,0,"Racing,Free To Play",0.0,0,0.0,Racing,2025,12
672770,Poseidon - Project Dark Sky,2017-07-19,0 - 20000,0,4.99,1,3,"Action,Indie,Simulation,Strategy",4.99,4,25.0,Action,2017,7
1066760,Moonshine Inc.,2022-12-01,0 - 20000,3,6.99,129,63,"Simulation,Strategy",6.99,192,67.19,Simulation,2022,12
3055180,Welcome to Primrose Lake 5,2025-04-21,0 - 20000,0,9.99,1,0,"Adventure,Casual,Strategy",9.99,1,100.0,Adventure,2025,4
2901120,ClaustrophobicCrypt,2025-04-25,0 - 20000,0,3.99,0,0,"Adventure,Indie",3.99,0,0.0,Adventure,2025,4
36900,Angle of Attack,2009-08-17,50000 - 100000,0,4.99,0,3,"Action,Casual,Indie,Simulation",4.99,3,0.0,Action,2009,8
1491980,Towards The Stars,2021-03-04,0 - 20000,0,4.99,6,7,"Action,Adventure,Indie,Simulation",4.99,13,46.15,Action,2021,3
291610,Growing Pains,2014-05-28,0 - 20000,0,4.99,22,8,Indie,4.99,30,73.33,Indie,2014,5
454080,Burst,2016-03-14,50000 - 100000,0,0.0,22,21,"Casual,Indie",0.0,43,51.16,Casual,2016,3
3222830,DreamWorks Gabby’s Dollhouse: Ready to Party,2025-09-19,0 - 0,0,19.99,0,0,"Action,Adventure",19.99,0,0.0,Action,2025,9
3950780,MKS BulletML Pattern Builder,2025-09-08,0 - 0,0,18.74,0,0,"Utilities,Game Development",18.74,0,0.0,Utilities,2025,9
3877630,The Calamity Trials,2026-01-15,0 - 0,0,0.0,0,0,"Action,Simulation,Free To Play",0.0,0,0.0,Action,2026,1
912570,BEAUTIFUL DESOLATION,2020-02-26,0 - 20000,1,5.19,505,148,"Adventure,Indie",5.19,653,77.34,Adventure,2020,2
1019920,Gensokyo Defenders,2019-04-24,0 - 20000,0,5.99,122,9,"Action,Strategy",5.99,131,93.13,Action,2019,4
2499740,Frip and Froop's Logical Labyrinth DX,2025-02-06,20000 - 50000,0,3.99,5,0,"Action,Casual,Indie",3.99,5,100.0,Action,2025,2
2982530,The Shadow Over Cyberspace,2025-01-10,0 - 0,0,0.0,0,0,"Casual,Indie,Free To Play",0.0,0,0.0,Casual,2025,1
1802210,MARK'S LIFE,2021-12-21,0 - 20000,0,3.99,23,1,"Adventure,Indie",3.99,24,95.83,Adventure,2021,12
3847950,Hypno Halo,2025-10-21,0 - 20000,0,9.99,0,0,"Action,Casual,Indie",9.99,0,0.0,Action,2025,10
3117800,Envguard,2024-08-28,0 - 0,0,0.0,0,0,"Casual,Simulation,Free To Play",0.0,0,0.0,Casual,2024,8
4193750,Mole a Hole,2026-01-24,0 - 0,0,5.94,0,0,"Adventure,Indie",5.94,0,0.0,Adventure,2026,1
3173870,Call the Tune,2024-10-30,0 - 20000,0,2.97,4,0,"Adventure,Indie",2.97,4,100.0,Adventure,2024,10
407000,Survival Is Not Enough,2017-07-14,20000 - 50000,0,4.99,19,34,"Action,Adventure,RPG",4.99,53,35.85,Action,2017,7
1035990,Dialtown: Phone Dating Sim,2022-02-14,50000 - 100000,6,5.99,1940,14,"Casual,Indie",5.99,1954,99.28,Casual,2022,2
3591890,CombatBox,2025-05-23,0 - 20000,0,0.49,1,0,"Action,Indie,Simulation,Strategy",0.49,1,100.0,Action,2025,5
1601930,ScubaVenture: The Search for Pirate's Treasure,2021-05-07,0 - 20000,0,2.79,0,0,"Action,Adventure",2.79,0,0.0,Action,2021,5
3310750,Finnish Pub Simulator,2025-03-10,0 - 20000,0,4.99,3,0,"Indie,Simulation,Early Access",4.99,3,100.0,Indie,2025,3
1995680,Twilight bride :VORMSLEGEND,2022-08-10,0 - 20000,0,7.99,61,7,"Adventure,Indie,RPG",7.99,68,89.71,Adventure,2022,8
3039060,Void Path,2024-10-29,0 - 0,0,2.39,0,0,"Adventure,Indie",2.39,0,0.0,Adventure,2024,10
3693720,Concerto on White: Cajon Story,2025-12-25,0 - 0,0,8.09,0,0,"Action,Adventure,Indie,Simulation",8.09,0,0.0,Action,2025,12
1374820,MBHL20,2020-08-20,0 - 20000,0,4.99,5,8,"Action,Simulation,Sports",4.99,13,38.46,Action,2020,8
2503180,Run From Mummies,2024-11-05,0 - 20000,1,0.99,30,0,"Action,Adventure",0.99,30,100.0,Action,2024,11
542740,Balloon Blowout,2016-10-28,50000 - 100000,0,0.99,57,83,"Action,Casual",0.99,140,40.71,Action,2016,10
1552210,Scary Buddies,2022-07-08,20000 - 50000,0,0.0,15,6,"Action,Casual,Indie",0.0,21,71.43,Action,2022,7
363510,STAR-BOX: RPG Adventures in Space,2015-08-17,50000 - 100000,0,4.99,43,43,"Action,Adventure,Casual,Indie,RPG,Simulation",4.99,86,50.0,Action,2015,8
1743050,Robo pocket: 3d fighter with rollback,2021-12-04,0 - 0,0,0.0,0,0,Action,0.0,0,0.0,Action,2021,12
1484980,Super Huey™ 1 & 2 Airdrop,2021-04-27,0 - 20000,0,1.99,3,0,"Action,Simulation",1.99,3,100.0,Action,2021,4
2821620,The White Room,2024-08-06,0 - 20000,0,4.99,0,0,"Indie,Early Access",4.99,0,0.0,Indie,2024,8
1506720,Smoked Gun,2021-01-15,0 - 20000,0,0.49,20,13,"Action,Adventure,Casual,Indie,Simulation",0.49,33,60.61,Action,2021,1
2806140,Autotag,2024-11-21,0 - 0,0,0.0,0,0,"Action,Casual,Indie,Racing,Simulation,Free To Play,Early Access",0.0,0,0.0,Action,2024,11
34470,Sid Meier's Civilization IV: Colonization,2008-09-23,200000 - 500000,0,5.99,358,104,Strategy,5.99,462,77.49,Strategy,2008,9
1670690,Eternity Egg,2025-12-10,0 - 20000,0,17.99,0,0,"Action,Adventure,Indie,Early Access",17.99,0,0.0,Action,2025,12
3592070,雀夢麻雀(Mahjong Dream),2025-04-02,0 - 0,0,0.0,0,0,"Casual,Strategy,Free To Play",0.0,0,0.0,Casual,2025,4
372780,Pulse,2015-10-20,0 - 20000,0,7.99,37,33,"Adventure,Indie",7.99,70,52.86,Adventure,2015,10
1315270,PEE WAR！,2020-08-03,0 - 20000,0,0.79,84,7,"Action,Casual,Indie,Simulation",0.79,91,92.31,Action,2020,8
969240,Siam Twinstick,2018-11-15,0 - 20000,0,0.0,10,3,Indie,0.0,13,76.92,Indie,2018,11
1309000,Escape Dungeon 2,2022-01-13,0 - 20000,3,7.19,0,0,"Indie,RPG,Strategy",7.19,0,0.0,Indie,2022,1
3293970,Hidden Cats - Spring Festival,2025-01-29,0 - 20000,0,0.79,18,4,Casual,0.79,22,81.82,Casual,2025,1
2265530,Solitary PaperPlane,2023-05-12,0 - 20000,0,0.99,13,0,"Casual,Indie",0.99,13,100.0,Casual,2023,5
590720,Cobalt WASD,2017-12-01,20000 - 50000,0,0.0,176,28,"Action,Indie",0.0,204,86.27,Action,2017,12
1763830,My Truck Game,2022-02-07,20000 - 50000,0,6.99,199,42,"Simulation,Early Access",6.99,241,82.57,Simulation,2022,2
1545850,Tetragon,2021-08-12,0 - 20000,0,2.49,35,9,"Adventure,Casual,Indie",2.49,44,79.55,Adventure,2021,8
1034940,Higurashi When They Cry Hou - Ch.7 Minagoroshi,2019-07-18,0 - 20000,8,5.19,510,17,Adventure,5.19,527,96.77,Adventure,2019,7
3540230,Stopping Santa,2025-04-11,20000 - 50000,0,1.99,7,0,"Action,Casual,Indie",1.99,7,100.0,Action,2025,4
1197220,Another Try,2020-04-19,20000 - 50000,6,1.64,167,138,"Action,Adventure,Indie,Massively Multiplayer",1.64,305,54.75,Action,2020,4
684970,Rules of Destruction,2017-08-25,0 - 20000,0,7.99,4,2,"Action,Adventure,Casual,RPG,Early Access",7.99,6,66.67,Action,2017,8
1388390,Impossible Maze,2020-09-04,0 - 20000,0,1.99,4,0,"Casual,Indie",1.99,4,100.0,Casual,2020,9
3001150,TRUTH TRAIL : exorcism of deception,2024-12-10,0 - 0,0,0.0,0,0,"Action,Adventure,Indie,Simulation,Free To Play",0.0,0,0.0,Action,2024,12
2429890,Incubus Quest,2024-01-12,0 - 20000,1,10.49,85,22,"Indie,RPG",10.49,107,79.44,Indie,2024,1
1747510,An Architect's Adventure,2023-03-25,0 - 20000,0,5.99,54,0,"Casual,Indie",5.99,54,100.0,Casual,2023,3
3808080,Dark SlayeR,2025-09-05,0 - 0,0,14.99,0,0,"Casual,Indie,RPG",14.99,0,0.0,Casual,2025,9
3672250,FloorBreaker,2025-08-01,0 - 0,0,1.99,0,0,"Action,Casual,Indie,Sports",1.99,0,0.0,Action,2025,8
519980,Trains VR,2018-08-30,0 - 20000,0,14.99,19,6,"Casual,Indie,Simulation,Strategy",14.99,25,76.0,Casual,2018,8
1516080,That Time I Got Reincarnated as an Orc,2021-07-23,50000 - 100000,0,9.49,348,36,"Adventure,RPG",9.49,384,90.62,Adventure,2021,7
1058690,Signs of the Sojourner,2020-05-14,0 - 20000,1,1.99,195,30,"Adventure,Casual,Indie,RPG",1.99,225,86.67,Adventure,2020,5
2246120,Coralina,2023-01-06,50000 - 100000,0,0.49,334,18,"Adventure,Casual,Indie,RPG",0.49,352,94.89,Adventure,2023,1
2159900,Decks of the Damned,2025-10-21,0 - 0,0,7.99,0,0,"Indie,Simulation,Strategy",7.99,0,0.0,Indie,2025,10
3185000,Skyline Urban Story,2025-06-25,0 - 20000,0,5.59,0,0,"Casual,Indie,Simulation,Strategy",5.59,0,0.0,Casual,2025,6
1247650,Immortal Love: Stone Beauty Collector's Edition,2020-02-14,0 - 20000,0,4.99,9,1,"Adventure,Casual",4.99,10,90.0,Adventure,2020,2
1443990,Strange Midnight,2020-11-02,0 - 20000,0,1.99,3,3,"Adventure,Indie",1.99,6,50.0,Adventure,2020,11
2620940,Fallen Seeds,2024-05-08,20000 - 50000,0,3.49,73,8,"Adventure,Indie",3.49,81,90.12,Adventure,2024,5
2603760,Railway Fugitive,2024-02-13,0 - 20000,0,0.87,8,5,"Action,Adventure,Casual,Indie,Racing,RPG",0.87,13,61.54,Action,2024,2
2057080,Resonance of the Ocean,2022-07-08,0 - 0,0,0.0,0,0,"Adventure,Casual,Indie",0.0,0,0.0,Adventure,2022,7
1128420,Solitaire Jack Frost Winter Adventures,2019-09-01,0 - 20000,0,4.99,3,4,Casual,4.99,7,42.86,Casual,2019,9
2725560,Idle Fishing,2024-05-24,0 - 0,0,0.0,0,0,"Casual,Indie,RPG,Simulation",0.0,0,0.0,Casual,2024,5
2073970,Brave Heroes,2022-07-21,0 - 20000,0,4.99,16,8,"Action,Casual,Indie",4.99,24,66.67,Action,2022,7
301190,Frederic: Resurrection of Music,2014-05-16,50000 - 100000,1,0.83,1096,171,"Action,Casual,Indie",0.83,1267,86.5,Action,2014,5
3089960,ROPOKO for Steam,2025-10-08,0 - 20000,0,6.59,0,0,Adventure,6.59,0,0.0,Adventure,2025,10
3909120,Picaro,2025-08-20,0 - 20000,0,4.19,0,0,"Casual,Indie,Strategy",4.19,0,0.0,Casual,2025,8
1525320,Dadish 2,2021-02-24,0 - 20000,0,3.99,104,4,"Action,Adventure,Indie",3.99,108,96.3,Action,2021,2
2315940,Little Bo Reap,2023-05-05,0 - 0,0,0.0,0,0,"Action,RPG",0.0,0,0.0,Action,2023,5
2868430,XiuzhenWorld,2024-04-30,0 - 20000,5,12.99,334,101,"Action,Adventure,Casual,Indie,RPG,Simulation",12.99,435,76.78,Action,2024,4
3141090,100 Thailand Cats,2025-10-26,0 - 0,0,1.59,0,0,"Casual,Indie,Free To Play",1.59,0,0.0,Casual,2025,10
1408760,Star Tank,2021-07-21,0 - 20000,0,2.99,17,3,"Action,Adventure,Indie",2.99,20,85.0,Action,2021,7
3570540,RAIN KILLS,2025-04-23,0 - 20000,0,4.99,2,0,"Action,Indie",4.99,2,100.0,Action,2025,4
800980,One Man Army VR,2018-03-07,0 - 20000,0,0.99,1,3,Action,0.99,4,25.0,Action,2018,3
1231000,Witchsword Remake,2020-02-21,0 - 20000,0,2.99,0,1,"Action,Indie,RPG",2.99,1,0.0,Action,2020,2
3439060,Ghost Infinite Labyrinth,2025-02-18,0 - 20000,0,5.19,14,5,Adventure,5.19,19,73.68,Adventure,2025,2
1304800,FOREST OF THE DEAD,2020-05-13,0 - 20000,0,2.99,2,2,"Action,Casual,Indie",2.99,4,50.0,Action,2020,5
3405050,Hayden's Odyssey,2025-01-20,0 - 20000,0,0.99,1,0,Action,0.99,1,100.0,Action,2025,1
1800000,Unreal Mashup,2023-12-01,0 - 0,0,0.0,0,0,"Action,Adventure",0.0,0,0.0,Action,2023,12
1804450,Kingdom of Maverta,2021-11-11,0 - 20000,0,9.99,6,12,Indie,9.99,18,33.33,Indie,2021,11
4186980,Pump to Escape,2026-02-27,0 - 0,0,3.99,0,0,"Adventure,Casual,Indie,Racing,Strategy",3.99,0,0.0,Adventure,2026,2
1123190,育种村,2020-01-24,0 - 20000,0,4.49,0,0,"Adventure,Casual",4.49,0,0.0,Adventure,2020,1
3516620,MAGICAL BEAT,2025-03-31,0 - 20000,0,7.99,14,5,"Action,Casual",7.99,19,73.68,Action,2025,3
1872790,Luckitown,2022-01-19,20000 - 50000,1,2.49,210,38,"Indie,Simulation,Strategy",2.49,248,84.68,Indie,2022,1
705260,Waste Cleaner,2017-09-22,0 - 20000,0,5.99,9,9,"Indie,Simulation",5.99,18,50.0,Indie,2017,9
495420,State of Decay 2: Juggernaut Edition,2020-03-13,2000000 - 5000000,1281,5.99,52001,10715,"Action,RPG,Simulation",5.99,62716,82.92,Action,2020,3
884900,Slider,2018-08-15,20000 - 50000,0,0.99,5,6,"Casual,Indie",0.99,11,45.45,Casual,2018,8
2148790,Hazel & The Deep,2024-10-25,0 - 20000,0,4.49,0,0,Indie,4.49,0,0.0,Indie,2024,10
1402350,12 Labours of Hercules XI: Painted Adventure,2020-11-18,0 - 20000,1,8.39,9,8,"Action,Adventure,Casual,Strategy",8.39,17,52.94,Action,2020,11
489050,Whitetail Challenge,2016-06-20,20000 - 50000,0,3.99,3,9,"Action,Adventure,Indie,Simulation",3.99,12,25.0,Action,2016,6
430410,Memoranda,2017-01-25,20000 - 50000,0,14.99,116,43,"Adventure,Indie",14.99,159,72.96,Adventure,2017,1
2402930,Deviko TD,2023-06-13,0 - 20000,0,2.99,0,0,"Indie,Strategy",2.99,0,0.0,Indie,2023,6
2857070,Tales of Lost Ages Vol 1.,2024-10-28,0 - 20000,0,5.99,5,0,"Action,Adventure",5.99,5,100.0,Action,2024,10
972760,Secret Saga: Xamadeon Stone,2019-02-28,0 - 20000,0,6.99,56,16,"Adventure,Casual,Indie,Early Access",6.99,72,77.78,Adventure,2019,2
1605440,Ragdoll Madness,2021-05-08,20000 - 50000,0,2.49,24,10,"Adventure,Casual,Indie,Early Access",2.49,34,70.59,Adventure,2021,5
617620,Disturbed: Beyond Aramor,2018-05-18,20000 - 50000,0,4.99,36,2,"Adventure,Casual,Indie",4.99,38,94.74,Adventure,2018,5
1988080,Elf boss's dog training,2024-01-16,0 - 20000,1,5.35,0,0,"Casual,RPG",5.35,0,0.0,Casual,2024,1
3321700,Christmas Fables: The Wishing Store Collector's Edition,2024-12-17,0 - 20000,0,2.39,0,1,"Adventure,Casual",2.39,1,0.0,Adventure,2024,12
4203790,それいけ!!杉城園芸部,2026-01-02,0 - 0,0,8.09,0,0,"Adventure,Indie,Simulation",8.09,0,0.0,Adventure,2026,1
548360,VR RunningJoe,2016-10-31,0 - 20000,0,4.99,10,4,"Casual,Racing",4.99,14,71.43,Casual,2016,10
3705980,12 MONTHS TO LAUNCH – 🎲 PRODUCER'S GAMBLE,2026-01-09,0 - 0,0,2.39,0,0,"Adventure,Casual,RPG,Simulation,Strategy",2.39,0,0.0,Adventure,2026,1
1208400,Path,2019-12-30,0 - 20000,0,0.99,2,0,"Casual,Indie",0.99,2,100.0,Casual,2019,12
1571450,Bear Haven Nights 2,2021-03-22,0 - 20000,0,2.39,11,0,"Action,Indie,Simulation",2.39,11,100.0,Action,2021,3
2626940,Life Makeover,2023-11-15,0 - 0,0,0.0,0,0,"Casual,Simulation",0.0,0,0.0,Casual,2023,11
1415520,High Speed Cataclysm,2020-12-03,20000 - 50000,0,2.39,17,2,"Action,Indie",2.39,19,89.47,Action,2020,12
1006770,the LAST LETTER,2019-02-09,0 - 20000,0,24.99,2,2,"Action,Adventure,Indie",24.99,4,50.0,Action,2019,2
1070190,Spellsword Cards: Origins,2019-06-06,0 - 20000,0,9.99,47,24,"Indie,Strategy",9.99,71,66.2,Indie,2019,6
3009970,Haifa,2026-02-09,0 - 0,0,13.49,0,0,"Casual,Indie",13.49,0,0.0,Casual,2026,2
3615360,Your StepSister,2025-05-09,0 - 20000,1,0.49,34,5,Casual,0.49,39,87.18,Casual,2025,5
992950,Circle Rally Party,2019-04-09,0 - 20000,0,5.99,12,1,"Action,Casual,Indie,Racing",5.99,13,92.31,Action,2019,4
3948320,Jumbot,2025-08-30,0 - 0,0,1.49,0,0,"Action,Adventure,Casual,Indie",1.49,0,0.0,Action,2025,8
3593180,Launching Over It,2025-05-08,0 - 20000,0,0.98,18,0,"Action,Adventure,Indie",0.98,18,100.0,Action,2025,5
1215600,The Legend of Eldridge Scrolls: Woop,2020-07-01,0 - 20000,0,0.99,6,1,"Action,Adventure,Indie",0.99,7,85.71,Action,2020,7
1393500,Time Break Chronicles,2020-09-01,50000 - 100000,12,9.74,231,24,"Indie,RPG,Strategy,Early Access",9.74,255,90.59,Indie,2020,9
2137000,Hidden Object Vacation,2022-09-19,0 - 20000,0,2.99,8,0,"Adventure,Casual",2.99,8,100.0,Adventure,2022,9
831060,Black Jack Story,2018-04-25,20000 - 50000,0,0.49,55,25,"Adventure,Casual,Indie",0.49,80,68.75,Adventure,2018,4
1803640,ONE WAY,2022-02-18,0 - 20000,0,0.99,8,0,"Action,Adventure,Casual,Indie,Simulation",0.99,8,100.0,Action,2022,2
3460520,Game Room,2025-07-18,0 - 20000,0,1.99,0,0,"Action,Casual,Indie,Sports",1.99,0,0.0,Action,2025,7
1198260,Beneath steel clouds,2020-01-10,0 - 20000,2,0.0,0,0,"Adventure,Casual,RPG,Simulation",0.0,0,0.0,Adventure,2020,1
1037020,ScourgeBringer,2020-10-21,200000 - 500000,24,3.39,2614,381,"Action,Adventure,Indie",3.39,2995,87.28,Action,2020,10
2329130,Rewind Or Die,2023-04-14,20000 - 50000,1,8.39,350,23,"Action,Adventure,Indie,Simulation",8.39,373,93.83,Action,2023,4
3415570,Die For The Lich,2025-11-10,0 - 20000,0,7.99,0,0,"Adventure,RPG,Strategy,Early Access",7.99,0,0.0,Adventure,2025,11
11370,Nikopol: Secrets of the Immortals,2009-07-30,0 - 0,0,0.99,0,0,"Adventure,Indie",0.99,0,0.0,Adventure,2009,7
2472390,A Technician's Nightmare,2024-01-01,0 - 20000,0,1.29,129,33,"Indie,Simulation",1.29,162,79.63,Indie,2024,1
302870,Stained,2014-07-10,0 - 20000,0,1.99,13,14,"Action,Adventure,Indie",1.99,27,48.15,Action,2014,7
1492650,Crooks Like Us,2022-04-06,0 - 20000,0,4.99,16,2,"Action,Casual,Indie",4.99,18,88.89,Action,2022,4
1975570,Cricket Captain 2022,2022-06-12,0 - 20000,12,8.99,34,19,"Simulation,Sports,Strategy",8.99,53,64.15,Simulation,2022,6
2276840,Quiz Quest,2025-09-18,0 - 20000,0,3.99,0,0,"Adventure,Casual,Indie,RPG",3.99,0,0.0,Adventure,2025,9
870100,乌鸦 - Crows,2018-10-26,20000 - 50000,0,0.49,28,41,Indie,0.49,69,40.58,Indie,2018,10
2286440,Puzzle Playing Cards,2025-02-08,0 - 20000,0,2.99,6,0,"Action,Casual,Strategy",2.99,6,100.0,Action,2025,2
678900,Farmer's Dynasty,2019-11-21,200000 - 500000,31,3.99,3038,1003,"Adventure,Casual,RPG,Simulation",3.99,4041,75.18,Adventure,2019,11
3500,Mystery P.I.™ - The Lottery Ticket,2007-10-16,20000 - 50000,3,0.99,54,11,Casual,0.99,65,83.08,Casual,2007,10
3079270,Space Tourist,2025-04-07,0 - 20000,0,2.99,9,0,"Adventure,Casual,Simulation",2.99,9,100.0,Adventure,2025,4
727070,Hex,2017-11-06,20000 - 50000,0,3.99,45,7,Indie,3.99,52,86.54,Indie,2017,11
3331010,Furry X Bussy Master: Randy the Red Knot Reindeer,2024-12-25,0 - 0,0,3.99,0,0,"Casual,Indie",3.99,0,0.0,Casual,2024,12
3134550,Kaf village,2024-08-16,50000 - 100000,5,0.0,135,77,"Action,Indie,Free To Play",0.0,212,63.68,Action,2024,8
200510,XCOM: Enemy Unknown,2012-10-08,2000000 - 5000000,590,5.99,52717,3697,Strategy,5.99,56414,93.45,Strategy,2012,10
687280,The Awakening,2017-09-21,20000 - 50000,0,0.0,28,27,"Free To Play,Strategy",0.0,55,50.91,Free To Play,2017,9
1528540,Holy Whore Emily,2025-01-20,0 - 20000,1,8.99,0,0,"Casual,Simulation",8.99,0,0.0,Casual,2025,1
3153890,Simulator of Countries,2025-03-20,0 - 20000,0,3.19,9,3,"Indie,Simulation,Strategy",3.19,12,75.0,Indie,2025,3
2099270,ProjectZombieSurvivors,2022-08-12,100000 - 200000,0,4.99,3,1,Action,4.99,4,75.0,Action,2022,8
3829120,NextVisuals Benchmark Forest,2025-07-29,0 - 0,0,4.99,0,0,Utilities,4.99,0,0.0,Utilities,2025,7
3683040,Hentai Boxing Maggie,2025-05-22,0 - 20000,1,0.49,0,0,Casual,0.49,0,0.0,Casual,2025,5
1000900,Zero spring episode 3,2019-01-10,0 - 20000,0,0.79,1,0,"Adventure,Indie,RPG",0.79,1,100.0,Adventure,2019,1
3479150,Bakka,2025-02-13,0 - 20000,0,1.99,10,0,"Indie,Strategy",1.99,10,100.0,Indie,2025,2
1617370,Bridge to Another World: Endless Game Collector's Edition,2021-04-30,0 - 20000,0,0.99,11,1,"Adventure,Casual",0.99,12,91.67,Adventure,2021,4
1433030,MOAI 7: Mystery Coast,2020-11-05,0 - 20000,2,1.79,17,4,"Casual,Simulation,Strategy",1.79,21,80.95,Casual,2020,11
2138140,Didactic Jesus Game,2022-12-23,0 - 20000,0,3.59,20,3,RPG,3.59,23,86.96,RPG,2022,12
271900,Hexcells Plus,2014-02-19,100000 - 200000,20,0.89,2540,143,"Casual,Indie,Strategy",0.89,2683,94.67,Casual,2014,2
2564870,Pumpkinman,2023-10-29,0 - 20000,0,4.99,5,0,"Action,Indie",4.99,5,100.0,Action,2023,10
2095480,Simple Trains,2024-06-26,0 - 20000,1,2.99,13,4,"Indie,Simulation,Strategy,Early Access",2.99,17,76.47,Indie,2024,6
2934190,Aooni,2024-07-25,50000 - 100000,9,1.99,585,171,"Action,Adventure,Indie,RPG",1.99,756,77.38,Action,2024,7
390040,Small Radios Big Televisions,2016-11-08,20000 - 50000,0,11.99,265,106,"Adventure,Indie",11.99,371,71.43,Adventure,2016,11
906010,TAL: Arctic 2,2018-08-03,0 - 20000,1,0.49,26,17,"Adventure,Casual,Indie",0.49,43,60.47,Adventure,2018,8
2272290,Bottoms Up!: Part 1,2023-04-07,20000 - 50000,0,2.99,16,0,"Adventure,Casual,Indie",2.99,16,100.0,Adventure,2023,4
614970,Qbike: Cyberpunk Motorcycles,2017-07-28,0 - 20000,0,0.0,33,26,"Action,Casual,Massively Multiplayer,Racing,Simulation,Sports,Early Access",0.0,59,55.93,Action,2017,7
2653330,NINJA KATO 1,2023-12-07,0 - 20000,0,1.99,0,0,"Action,Indie",1.99,0,0.0,Action,2023,12
304650,SUNLESS SEA,2015-02-06,1000000 - 2000000,45,6.45,7715,1573,"Adventure,Indie,RPG",6.45,9288,83.06,Adventure,2015,2
1034150,Mosaic Chronicles,2022-09-29,0 - 20000,2,7.99,72,14,"Casual,Indie",7.99,86,83.72,Casual,2022,9
2767430,Wisps of the Elements,2025-10-24,0 - 0,0,5.99,0,0,"RPG,Strategy",5.99,0,0.0,RPG,2025,10
656620,Circuit Warz,2017-07-04,20000 - 50000,0,0.0,14,14,"Action,Indie",0.0,28,50.0,Action,2017,7
777470,The Infinite Black 2,2023-06-16,20000 - 50000,5,6.99,189,32,"Adventure,Massively Multiplayer",6.99,221,85.52,Adventure,2023,6
2966270,誘拐犯 Kidnappers,2024-05-14,0 - 0,0,0.0,0,0,"Adventure,Casual,Indie,Free To Play",0.0,0,0.0,Adventure,2024,5
2353440,Carry Onward,2023-07-21,0 - 20000,0,0.99,31,4,"Adventure,Casual,Indie,Simulation",0.99,35,88.57,Adventure,2023,7
1511630,TrackDayR,2021-03-17,20000 - 50000,91,24.99,1027,194,"Indie,Massively Multiplayer,Racing,Simulation,Sports,Early Access",24.99,1221,84.11,Indie,2021,3
884180,Robot Rumble 2,2024-09-03,0 - 20000,12,0.0,156,39,"Simulation,Free To Play",0.0,195,80.0,Simulation,2024,9
1393420,TOKOYO: The Tower of Perpetuity,2022-06-01,20000 - 50000,2,7.19,440,49,"Action,Indie",7.19,489,89.98,Action,2022,6
3310530,Fairground Online,2026-01-16,0 - 0,0,29.99,0,0,Simulation,29.99,0,0.0,Simulation,2026,1
1900830,The Watcher,2025-01-09,0 - 20000,0,4.99,0,0,"Action,Casual,Indie",4.99,0,0.0,Action,2025,1
1350100,RUNOUT,2022-03-08,20000 - 50000,0,1.99,19,6,"Action,Adventure",1.99,25,76.0,Action,2022,3
3624020,BULLET YEETERS,2025-08-19,0 - 20000,0,0.0,0,0,"Action,Casual,Indie,Massively Multiplayer,RPG,Free To Play",0.0,0,0.0,Action,2025,8
1427140,Among School Girls,2020-10-06,0 - 20000,0,2.49,22,15,"Adventure,Casual,Indie",2.49,37,59.46,Adventure,2020,10
1566820,Cooking Trip New Challenge,2021-08-10,0 - 20000,0,4.49,14,2,Casual,4.49,16,87.5,Casual,2021,8
2577660,Spava,2024-09-24,0 - 0,0,2.99,0,0,"Casual,Indie",2.99,0,0.0,Casual,2024,9
1026100,Stranded Sails - Prologue,2021-06-22,0 - 0,0,0.0,0,0,"Action,Adventure,Casual,Indie,RPG,Simulation,Free To Play",0.0,0,0.0,Action,2021,6
1881240,Command Line Mazer,2022-06-21,0 - 20000,0,1.99,1,0,"Casual,Indie,Strategy",1.99,1,100.0,Casual,2022,6
1305190,Aria: Dragon Eater,2021-06-03,0 - 20000,0,4.79,1,1,"Action,Indie",4.79,2,50.0,Action,2021,6
1828410,Survive The Island,2021-12-14,0 - 0,0,0.0,0,0,"Action,RPG,Free To Play",0.0,0,0.0,Action,2021,12
523730,Sweet Volley High,2016-10-26,20000 - 50000,0,9.99,55,24,"Adventure,Casual,Indie",9.99,79,69.62,Adventure,2016,10
2998730,Gallery X,2024-06-10,0 - 20000,0,6.99,1,1,"Adventure,Casual,Indie,Simulation",6.99,2,50.0,Adventure,2024,6
1417950,Simon the Sorcerer 3D,2021-05-11,0 - 20000,0,3.89,15,13,Adventure,3.89,28,53.57,Adventure,2021,5
393430,Ice Lakes,2016-04-19,200000 - 500000,3,3.74,1370,229,"Indie,Simulation,Sports",3.74,1599,85.68,Indie,2016,4
370130,Lion Quest,2016-07-11,20000 - 50000,0,0.89,38,28,"Action,Adventure,Indie",0.89,66,57.58,Action,2016,7
1981190,Equinox,2022-06-12,0 - 0,0,0.0,0,0,"Action,Casual,Free To Play",0.0,0,0.0,Action,2022,6
897000,Love Chronicles: A Winter's Spell Collector's Edition,2018-08-03,0 - 20000,0,4.99,4,0,"Adventure,Casual",4.99,4,100.0,Adventure,2018,8
1977750,HoverRider,2022-05-28,0 - 20000,0,2.99,2,1,"Casual,Racing,Early Access",2.99,3,66.67,Casual,2022,5
1738740,七雄纷争,2022-01-24,0 - 0,0,0.0,0,0,"Free To Play,Massively Multiplayer,RPG,Simulation,Strategy",0.0,0,0.0,Free To Play,2022,1
3955690,Corner Cards,2025-11-02,0 - 0,0,3.59,0,0,"Casual,Indie",3.59,0,0.0,Casual,2025,11
3712020,意识分裂开篇季,2025-05-20,0 - 20000,2,1.7,4,1,"Adventure,Indie",1.7,5,80.0,Adventure,2025,5
1272100,Geezer Gus: The Meteorite Motel,2020-04-07,0 - 20000,0,0.99,0,0,"Action,Adventure,Indie,RPG",0.99,0,0.0,Action,2020,4
2767520,LurkBait Twitch Fishing,2024-02-21,20000 - 50000,383,7.0,393,7,"Casual,Indie,Simulation,Sports",7.0,400,98.25,Casual,2024,2
613590,Dungeon Of Zaar - Open Beta,2018-04-16,50000 - 100000,0,0.0,97,41,"Free To Play,Indie,Strategy,Early Access",0.0,138,70.29,Free To Play,2018,4
3464320,HGPP,2025-02-14,0 - 20000,0,1.19,1,0,Indie,1.19,1,100.0,Indie,2025,2
2437750,Paradise Lust 2,2025-05-15,0 - 20000,24,15.99,0,0,"Adventure,Indie,RPG",15.99,0,0.0,Adventure,2025,5
1007890,VR Paper Star,2019-01-21,0 - 20000,0,19.99,0,0,"Action,Indie",19.99,0,0.0,Action,2019,1
2434070,WaterReminder,2023-07-20,0 - 20000,0,0.59,1,0,"Indie,Education,Utilities",0.59,1,100.0,Indie,2023,7
2151920,Folletti,2023-04-21,20000 - 50000,0,5.99,3,0,"Action,Adventure,Indie,RPG",5.99,3,100.0,Action,2023,4
1257890,The Legacy: Realm of Terror,2020-10-02,0 - 20000,0,2.44,8,0,"Action,Adventure,RPG",2.44,8,100.0,Action,2020,10
873790,Freebot : Battle for FreeWeb,2018-06-18,0 - 20000,0,0.79,11,7,"Action,Indie",0.79,18,61.11,Action,2018,6
2511040,The Third Age,2023-09-18,0 - 0,0,0.0,0,0,"Massively Multiplayer,Simulation,Strategy,Free To Play",0.0,0,0.0,Massively Multiplayer,2023,9
1648560,Nursery Slime,2021-10-22,20000 - 50000,1,5.59,149,18,"Adventure,RPG",5.59,167,89.22,Adventure,2021,10
585690,Minimalism,2017-02-08,2000000 - 5000000,49,0.49,1276,465,"Action,Adventure,Casual,Indie",0.49,1741,73.29,Action,2017,2
2702470,Poly Roam,2023-12-21,0 - 20000,0,7.69,87,29,"Action,Adventure,Casual,Indie,Early Access",7.69,116,75.0,Action,2023,12
1145820,INFECTIS,2019-10-07,0 - 20000,0,5.19,10,5,"Adventure,Indie",5.19,15,66.67,Adventure,2019,10
1547300,Drawy,2021-08-31,0 - 20000,0,2.49,46,7,"Casual,Indie",2.49,53,86.79,Casual,2021,8
878020,It's You: A Breakup Story,2018-08-01,0 - 20000,0,4.99,43,7,Indie,4.99,50,86.0,Indie,2018,8
813930,Revoke,2018-07-25,0 - 20000,0,19.99,17,7,"Action,Adventure,Indie,Early Access",19.99,24,70.83,Action,2018,7
2398750,The Trade Prince,2023-07-21,0 - 20000,0,9.99,8,0,"Indie,Simulation,Strategy",9.99,8,100.0,Indie,2023,7
3152330,Depths of Faveg,2024-11-15,20000 - 50000,0,1.99,22,4,"Indie,RPG",1.99,26,84.62,Indie,2024,11
2203970,My Incubi Harem,2023-12-11,20000 - 50000,1,3.49,8,9,"Casual,Simulation",3.49,17,47.06,Casual,2023,12
1079480,BeiJing Courier Simulator,2019-05-24,0 - 20000,0,4.99,7,7,"Casual,Indie,RPG,Simulation",4.99,14,50.0,Casual,2019,5
1910020,Pretty Girls Four Kings Solitaire,2022-03-17,0 - 20000,0,2.49,17,3,Casual,2.49,20,85.0,Casual,2022,3
2766890,Lazer Tag Arena,2025-02-23,0 - 0,0,0.0,0,0,"Action,Casual,Free To Play",0.0,0,0.0,Action,2025,2
1516240,Mitoza,2021-03-05,200000 - 500000,2,0.0,3299,124,"Adventure,Indie",0.0,3423,96.38,Adventure,2021,3
3877290,Shuvani,2025-10-31,0 - 20000,0,2.09,0,0,"Action,Adventure",2.09,0,0.0,Action,2025,10
3229900,Asuka Idol Journey,2026-02-15,0 - 0,0,5.39,0,0,RPG,5.39,0,0.0,RPG,2026,2
2959230,Orient on the Murder Express,2024-05-14,20000 - 50000,0,0.99,1,0,"Adventure,Casual,Indie",0.99,1,100.0,Adventure,2024,5
4249770,Captain Whiskers: Incremental Seas,2026-02-10,0 - 0,0,4.49,0,0,"Casual,Strategy",4.49,0,0.0,Casual,2026,2
3274140,Blitz Society,2025-03-19,20000 - 50000,0,4.99,3,0,Strategy,4.99,3,100.0,Strategy,2025,3
913350,CaveDare,2018-10-29,0 - 20000,0,4.99,0,0,"Action,Adventure,Casual,Indie",4.99,0,0.0,Action,2018,10
1465210,Gravulse Experimental,2020-12-20,20000 - 50000,1,0.0,157,53,"Action,Indie",0.0,210,74.76,Action,2020,12
1222140,Detroit: Become Human,2020-06-18,2000000 - 5000000,2344,3.99,162047,7152,"Action,Adventure",3.99,169199,95.77,Action,2020,6
1954200,Kena: Bridge of Spirits,2022-09-26,1000000 - 2000000,43,11.99,14031,1209,"Action,Adventure,Indie",11.99,15240,92.07,Action,2022,9
496320,Running Gods,2016-09-13,50000 - 100000,0,4.99,19,8,"Action,Adventure,Casual,Indie",4.99,27,70.37,Action,2016,9
1564590,Easy Quiz,2021-03-24,0 - 20000,0,0.49,12,4,"Casual,Indie",0.49,16,75.0,Casual,2021,3
944180,Titan Outpost,2019-08-09,0 - 20000,0,4.99,69,20,"Adventure,Indie,RPG,Simulation",4.99,89,77.53,Adventure,2019,8
2279410,The Zombie Neighborhood,2023-11-21,50000 - 100000,0,6.29,19,13,"Action,Indie",6.29,32,59.38,Action,2023,11
1252830,A Juggler's Tale,2021-09-29,0 - 20000,4,2.69,1672,142,"Action,Adventure,Indie",2.69,1814,92.17,Action,2021,9
1205260,Defeated Girl,2020-10-01,0 - 20000,0,1.19,326,71,"Adventure,Casual,RPG,Simulation,Strategy",1.19,397,82.12,Adventure,2020,10
571630,Puzzle Island VR,2020-05-19,0 - 20000,0,0.74,24,14,Casual,0.74,38,63.16,Casual,2020,5
840620,Geometry Boxer,2018-05-01,20000 - 50000,0,0.0,49,23,"Action,Casual,Free To Play,Indie",0.0,72,68.06,Action,2018,5
878510,Sort the Cube,2018-08-04,0 - 20000,0,2.99,2,1,Casual,2.99,3,66.67,Casual,2018,8
1763250,SWORN,2025-09-23,20000 - 50000,150,12.49,2039,422,"Action,Indie,RPG",12.49,2461,82.85,Action,2025,9
1280920,Joe's Quest,2025-03-02,0 - 20000,0,4.99,0,0,"Action,Adventure,Casual,Indie,RPG,Simulation,Sports,Strategy",4.99,0,0.0,Action,2025,3
2910460,Furry Angel Take In,2024-10-16,0 - 20000,0,2.09,598,7,"Adventure,Indie",2.09,605,98.84,Adventure,2024,10
431290,Level 22: Gary’s Misadventures - 2016 Edition,2016-02-11,0 - 20000,0,0.76,41,19,"Action,Indie",0.76,60,68.33,Action,2016,2
1298280,Captain Disaster in: Death Has A Million Stomping Boots,2020-05-28,0 - 20000,0,2.19,22,1,Adventure,2.19,23,95.65,Adventure,2020,5
1304220,The End of Labyronia: Nerubis,2020-05-13,0 - 20000,0,0.49,5,2,"Adventure,Indie,RPG,Strategy",0.49,7,71.43,Adventure,2020,5
657180,The Adliberum Engine (ADLENGINE),2017-06-23,0 - 20000,0,0.0,16,8,"Massively Multiplayer,RPG,Utilities,Early Access",0.0,24,66.67,Massively Multiplayer,2017,6
2589320,So Much Stuff 4: Bits & Bobs,2023-10-29,0 - 20000,0,5.99,4,0,Casual,5.99,4,100.0,Casual,2023,10
693560,After Rain: Phoenix Rise,2017-12-15,0 - 20000,0,2.99,6,2,"Action,Adventure,Indie",2.99,8,75.0,Action,2017,12
455230,Bazaar,2016-03-28,0 - 20000,0,3.49,12,3,"Indie,Strategy",3.49,15,80.0,Indie,2016,3
2346230,Ravenwood,2024-08-10,0 - 20000,0,4.99,14,2,"Action,Indie,RPG,Early Access",4.99,16,87.5,Action,2024,8
1857870,Space Demon Combat Tactics III,2022-01-13,0 - 20000,0,0.99,2,0,Action,0.99,2,100.0,Action,2022,1
371380,Dr. Spacezoo,2016-05-09,0 - 20000,0,14.99,10,0,"Action,Indie,Early Access",14.99,10,100.0,Action,2016,5
1615020,The Burnt School,2021-05-17,0 - 20000,0,0.99,1,0,"Adventure,Indie",0.99,1,100.0,Adventure,2021,5
2951770,Leap Year,2024-06-13,100000 - 200000,3,3.99,2201,57,"Action,Adventure,Indie",3.99,2258,97.48,Action,2024,6
1687960,The Wreck,2023-03-14,0 - 20000,0,7.99,218,26,"Adventure,Casual,Indie",7.99,244,89.34,Adventure,2023,3
2350760,Holy Catch The Star Night Story,2023-04-08,0 - 20000,0,0.0,0,0,"Action,Adventure,Casual,Indie,RPG",0.0,0,0.0,Action,2023,4
1649740,Hunt the Night,2023-04-13,0 - 20000,0,11.99,368,104,"Action,Adventure,Indie",11.99,472,77.97,Action,2023,4
1909740,Starchild Velta and loadtosky,2022-10-27,0 - 20000,0,8.99,0,1,"Action,Indie",8.99,1,0.0,Action,2022,10
2953840,IM LOOPY FOR DOOP LOOPS!!!,2025-12-03,0 - 0,0,4.99,0,0,"Action,Casual,Indie",4.99,0,0.0,Action,2025,12
588920,BADASS,2017-04-07,0 - 20000,0,0.79,15,14,"Adventure,Casual,Indie,RPG,Simulation,Strategy",0.79,29,51.72,Adventure,2017,4
3459680,Indicate,2025-01-30,0 - 20000,0,34.99,1,0,"Casual,RPG",34.99,1,100.0,Casual,2025,1
918260,Pachansky Mathematics 2+2=8,2018-08-21,0 - 20000,0,0.49,13,11,"Casual,Indie,Simulation",0.49,24,54.17,Casual,2018,8
2407460,Station 13,2024-01-19,0 - 20000,0,7.99,0,0,"Action,Adventure,Indie",7.99,0,0.0,Action,2024,1
1693580,The Hunter's Journals - Tattered Sails,2021-10-31,0 - 20000,0,3.29,0,1,"Action,Adventure",3.29,1,0.0,Action,2021,10
931480,Lab Runner: X,2019-11-28,20000 - 50000,0,1.99,1,1,"Action,Adventure,Casual,Indie",1.99,2,50.0,Action,2019,11
1588510,Gaslamp Cases: The deadly Machine,2021-04-13,20000 - 50000,1,3.99,13,4,"Action,Casual,Indie",3.99,17,76.47,Action,2021,4
3159900,108 Silly Ways to Die,2025-02-11,0 - 20000,0,4.94,136,27,"Adventure,RPG",4.94,163,83.44,Adventure,2025,2
391650,Escape From BioStation,2017-07-03,0 - 20000,0,3.99,16,7,"Action,Adventure,Indie",3.99,23,69.57,Action,2017,7
1581010,Haunted House - The Murder,2021-09-21,0 - 20000,0,1.99,0,4,"Action,Adventure",1.99,4,0.0,Action,2021,9
1023740,7 Sexy Sins,2019-04-26,0 - 20000,0,0.99,173,23,"Action,Casual,Indie",0.99,196,88.27,Action,2019,4
527800,War Cube,2016-09-12,20000 - 50000,0,0.49,48,27,"Casual,Indie",0.49,75,64.0,Casual,2016,9
422970,Devil Daggers,2016-02-18,200000 - 500000,25,2.49,8641,427,"Action,Indie",2.49,9068,95.29,Action,2016,2
2484430,Undomestic,2025-01-27,0 - 20000,0,9.99,23,19,"Action,Adventure,Casual,Indie,RPG",9.99,42,54.76,Action,2025,1
3719380,The Memological Dungeon,2025-06-29,0 - 0,0,0.72,0,0,"Action,Adventure,Casual,Simulation,Strategy",0.72,0,0.0,Action,2025,6
492430,Alteric,2016-07-13,20000 - 50000,0,0.79,88,38,"Adventure,Indie",0.79,126,69.84,Adventure,2016,7
320040,Moon Hunters,2016-03-10,500000 - 1000000,2,1.49,3975,1120,"Adventure,Indie,RPG",1.49,5095,78.02,Adventure,2016,3
1892220,My Ex Sister in Law,2023-09-12,0 - 20000,0,2.59,0,0,"Adventure,Casual,Indie,Simulation",2.59,0,0.0,Adventure,2023,9
1511360,飞花令 春饼,2021-02-11,0 - 20000,0,0.0,7,4,"Casual,Free To Play",0.0,11,63.64,Casual,2021,2
2597110,Kaizo Block,2023-10-18,0 - 20000,0,0.0,0,0,"Action,Indie",0.0,0,0.0,Action,2023,10
723720,La Maledizione dell'Uccello Serpente,2022-02-22,20000 - 50000,0,0.59,3,0,"Casual,Indie,RPG",0.59,3,100.0,Casual,2022,2
744810,A Raven Monologue,2018-01-11,100000 - 200000,1,0.0,2510,147,"Casual,Indie,Free To Play",0.0,2657,94.47,Casual,2018,1
3217650,Don't Wake Up The Dead,2024-10-18,0 - 20000,0,0.99,2,0,"Action,Casual,Indie",0.99,2,100.0,Action,2024,10
2014690,Shame Legacy,2023-05-30,0 - 20000,0,2.99,105,65,"Action,Adventure,Indie",2.99,170,61.76,Action,2023,5
1787740,Celestiais & Dragões,2023-03-10,0 - 20000,0,0.79,0,0,"Action,Adventure,Casual,Strategy",0.79,0,0.0,Action,2023,3
2886970,返杀 Back Fire,2024-05-29,0 - 20000,0,3.59,25,17,"Adventure,Indie,Simulation",3.59,42,59.52,Adventure,2024,5
3547890,Motorcross Simulator,2025-03-10,0 - 20000,0,0.99,1,0,"Racing,Simulation,Sports",0.99,1,100.0,Racing,2025,3
1060350,War of the Seraphim,2019-05-22,0 - 20000,0,0.99,1,0,"Action,Early Access",0.99,1,100.0,Action,2019,5
24780,SimCity™ 4 Deluxe Edition,2010-07-20,500000 - 1000000,331,4.99,7456,1652,"Simulation,Strategy",4.99,9108,81.86,Simulation,2010,7
1362340,Freelancer Life Simulator,2021-03-05,0 - 20000,1,0.67,9,26,"Adventure,Casual,Indie,Simulation",0.67,35,25.71,Adventure,2021,3
1065110,Homeward Duck,2019-05-07,0 - 20000,0,0.0,25,1,"Casual,Free To Play,Indie",0.0,26,96.15,Casual,2019,5
2331920,HOLYHUNT,2024-09-02,20000 - 50000,0,4.99,16,1,"Action,Adventure,Indie",4.99,17,94.12,Action,2024,9
4148290,Escape Exit: Floor 10,2025-11-20,0 - 20000,0,3.99,0,0,"Adventure,Indie,Simulation",3.99,0,0.0,Adventure,2025,11
9760,Act of War: High Treason,2008-03-12,50000 - 100000,13,1.19,413,93,Action,1.19,506,81.62,Action,2008,3
870940,Brainstorm Party,2018-09-14,0 - 20000,0,1.99,0,1,"Casual,Indie,Early Access",1.99,1,0.0,Casual,2018,9
3917090,Assetto Corsa Rally,2025-11-13,0 - 20000,0,23.99,0,0,"Racing,Early Access",23.99,0,0.0,Racing,2025,11
3361810,JR's Christmas Adventure,2024-12-09,0 - 20000,0,0.0,13,10,"Adventure,Free To Play",0.0,23,56.52,Adventure,2024,12
955980,Dive Inside,2018-12-05,0 - 20000,0,2.99,1,1,"Action,Adventure,Indie,Simulation",2.99,2,50.0,Action,2018,12
3734980,A Simple job,2025-06-05,0 - 0,0,0.0,0,0,"Adventure,Casual,Indie,Free To Play",0.0,0,0.0,Adventure,2025,6
3269300,Hidden Cats - Spooky,2024-10-28,0 - 20000,1,0.79,32,4,"Adventure,Casual",0.79,36,88.89,Adventure,2024,10
1837820,Faded Stories: Greenberg,2022-06-18,0 - 20000,0,1.74,43,4,"Adventure,Indie",1.74,47,91.49,Adventure,2022,6
1560110,PIRATECRAFT,2021-03-12,0 - 20000,0,0.75,30,22,"Action,Adventure,Casual,Massively Multiplayer",0.75,52,57.69,Action,2021,3
4192750,G-MODEアーカイブス+ 夢幻舞葬モンストラバルツ,2026-02-12,0 - 0,0,11.69,0,0,RPG,11.69,0,0.0,RPG,2026,2
1840440,新三國 漢室復興,2022-02-16,0 - 0,0,0.0,0,0,"RPG,Strategy",0.0,0,0.0,RPG,2022,2
3166810,Insider Trading,2026-02-18,0 - 20000,0,10.95,0,0,"Casual,Indie,Strategy",10.95,0,0.0,Casual,2026,2
363610,Botology,2015-06-24,100000 - 200000,0,0.49,171,246,"Action,Indie",0.49,417,41.01,Action,2015,6
2266510,Desert Spirit Grave,2023-08-16,0 - 20000,0,0.99,0,0,"Action,Adventure,Indie,RPG",0.99,0,0.0,Action,2023,8
2947450,Exhibition of Speed,2024-05-24,0 - 20000,0,1.99,1,1,"Racing,Simulation,Early Access",1.99,2,50.0,Racing,2024,5
3248650,JOBifAI,2024-12-08,0 - 0,0,0.0,0,0,"Casual,Indie,Simulation,Free To Play",0.0,0,0.0,Casual,2024,12
2834110,Living with temptation: American sunset,2025-01-23,0 - 20000,12,4.49,0,0,"Adventure,Casual,Indie,RPG",4.49,0,0.0,Adventure,2025,1
586700,Otherworld: Omens of Summer Collector's Edition,2017-02-06,0 - 20000,0,4.99,8,1,"Adventure,Casual",4.99,9,88.89,Adventure,2017,2
4166860,Farvival,2025-12-08,0 - 0,0,2.54,0,0,"Action,Indie,Early Access",2.54,0,0.0,Action,2025,12
744270,Rise of Ages,2019-01-28,20000 - 50000,0,16.99,94,116,"Action,Adventure,Indie,RPG,Early Access",16.99,210,44.76,Action,2019,1
2055090,Iaijutsu,2023-01-12,0 - 0,0,0.0,0,0,"Action,Free To Play",0.0,0,0.0,Action,2023,1
7760,X-COM: UFO Defense,2008-09-04,1000000 - 2000000,49,1.24,3602,197,Strategy,1.24,3799,94.81,Strategy,2008,9
2132460,Mr. Healer,2022-11-15,20000 - 50000,1,4.99,9,0,RPG,4.99,9,100.0,RPG,2022,11
1474000,Age of ilcoin VR : Retribution,2020-12-07,100000 - 200000,0,0.0,17,15,"Action,Casual,Free To Play",0.0,32,53.12,Action,2020,12
3629400,Loophole,2025-07-14,0 - 20000,0,9.99,0,0,Indie,9.99,0,0.0,Indie,2025,7
593740,Dragon Climax,2017-12-18,50000 - 100000,0,0.67,73,13,"Action,Adventure,Indie,RPG",0.67,86,84.88,Action,2017,12
2227110,Hot Milf 10 bikini,2022-12-08,0 - 20000,0,0.55,0,0,"Casual,Indie",0.55,0,0.0,Casual,2022,12
2075660,Evil Bird Simulator,2025-09-03,0 - 20000,0,0.49,0,0,"Action,Adventure,Casual,Indie,Simulation,Strategy",0.49,0,0.0,Action,2025,9
301920,War of the Human Tanks - ALTeR,2015-02-13,20000 - 50000,1,6.49,90,5,"Adventure,Indie,Strategy",6.49,95,94.74,Adventure,2015,2
3194800,ALFRED IS A BAD GUY,2024-10-22,0 - 0,0,0.0,0,0,"Indie,Free To Play",0.0,0,0.0,Indie,2024,10
4083590,My Crush is a Clerk from Hell,2025-11-28,0 - 20000,0,6.99,0,0,Casual,6.99,0,0.0,Casual,2025,11
1928210,Tumble Toys: Aviation,2022-11-10,20000 - 50000,0,0.0,4,0,"Adventure,Indie,Free To Play",0.0,4,100.0,Adventure,2022,11
1589880,Tower Of Wishes: Match 3 Puzzle,2021-05-03,0 - 20000,0,2.79,5,1,Casual,2.79,6,83.33,Casual,2021,5
1389540,Wesprau Senki,2020-08-20,100000 - 200000,0,0.0,7,2,RPG,0.0,9,77.78,RPG,2020,8
4133400,SMBH : Super Massive Black Hole,2025-12-11,0 - 20000,0,3.99,0,0,"Casual,Indie",3.99,0,0.0,Casual,2025,12
1025430,Delta Squad,2019-05-29,0 - 20000,0,1.79,3,4,"Action,Indie",1.79,7,42.86,Action,2019,5
58200,Jolly Rover,2010-06-07,100000 - 200000,0,2.99,303,41,"Adventure,Casual,Indie",2.99,344,88.08,Adventure,2010,6
1676720,White Eyes,2021-07-26,0 - 20000,0,2.99,1,0,"Action,Casual,Indie",2.99,1,100.0,Action,2021,7
2742160,Swim Sacabambaspis!,2024-01-26,0 - 20000,0,2.09,1,0,Action,2.09,1,100.0,Action,2024,1
1966070,～Daydream～When butterflies dance,2022-05-26,0 - 20000,1,2.49,160,33,"RPG,Simulation",2.49,193,82.9,RPG,2022,5
1911980,Dissonance,2022-04-27,0 - 0,0,0.0,0,0,"Adventure,Casual,Free To Play,Indie,RPG",0.0,0,0.0,Adventure,2022,4
1750980,Horror Maze,2021-09-29,0 - 20000,0,2.99,10,4,"Adventure,Indie,Strategy",2.99,14,71.43,Adventure,2021,9
1620860,Chicken Holmes - Chanislavski Whispers,2021-06-17,50000 - 100000,0,1.99,16,5,"Adventure,Indie,Strategy",1.99,21,76.19,Adventure,2021,6
744190,Rusty Lake Paradise,2018-01-11,200000 - 500000,111,2.23,5582,266,"Adventure,Indie",2.23,5848,95.45,Adventure,2018,1
2007300,DarkSelf: Other Mind,2022-06-08,0 - 20000,0,9.99,2,2,"Adventure,Indie",9.99,4,50.0,Adventure,2022,6
2203140,Keep Sheep,2022-11-22,0 - 20000,0,2.99,12,9,"Casual,Indie,Strategy",2.99,21,57.14,Casual,2022,11
2134120,Super Anime Waifu BBQ Simulator,2022-09-22,0 - 20000,0,1.0,13,1,"Adventure,Casual,Indie,Simulation",1.0,14,92.86,Adventure,2022,9
2917620,Psychopath Massacre,2024-06-07,0 - 20000,0,3.18,48,13,"Action,Adventure,Indie",3.18,61,78.69,Action,2024,6
1936070,School Simulator RPG,2022-03-31,0 - 20000,0,14.99,4,2,"Action,Adventure,Indie,RPG,Simulation",14.99,6,66.67,Action,2022,3
1621480,Shadow Falls,2025-05-22,0 - 20000,0,11.99,2,1,"Adventure,Casual,Indie,Simulation,Early Access",11.99,3,66.67,Adventure,2025,5
824770,Labirinto 2,2020-03-14,0 - 20000,0,0.99,20,12,"Adventure,Casual,Indie,Strategy",0.99,32,62.5,Adventure,2020,3
2899050,Desert Stalker,2024-12-13,0 - 20000,194,14.39,0,0,"Adventure,Indie,Early Access",14.39,0,0.0,Adventure,2024,12
2450430,探しものは、夏ですか。,2023-09-19,0 - 20000,0,7.19,14,2,Adventure,7.19,16,87.5,Adventure,2023,9
2080210,My Hotel: Echoes of the Past,2024-04-17,0 - 0,0,0.0,0,0,"Casual,Simulation,Strategy",0.0,0,0.0,Casual,2024,4
3402730,Mission To Fission,2025-05-08,0 - 20000,0,4.99,10,0,"Simulation,Early Access",4.99,10,100.0,Simulation,2025,5
657090,Robothorium,2019-01-31,20000 - 50000,0,2.99,259,107,"Indie,RPG,Strategy",2.99,366,70.77,Indie,2019,1
4168600,Grapple Souls,2026-01-21,0 - 0,0,0.99,0,0,"Action,Adventure,Indie,RPG",0.99,0,0.0,Action,2026,1
3109500,Super beast activation,2024-08-06,20000 - 50000,0,0.99,1,0,"Indie,Massively Multiplayer",0.99,1,100.0,Indie,2024,8
3920630,Galleria,2025-11-12,0 - 0,0,4.99,0,0,"Casual,Indie,Simulation",4.99,0,0.0,Casual,2025,11
2309880,ZOMBI ROCKSTAR,2023-05-21,0 - 20000,0,4.99,5,0,"Action,Adventure,Casual,Indie",4.99,5,100.0,Action,2023,5
2054220,Wetory,2023-10-25,0 - 20000,0,1.09,16,2,"Action,Adventure,Indie,Strategy",1.09,18,88.89,Action,2023,10
1357430,Rocket Rumble,2024-05-23,0 - 20000,0,24.99,26,3,"Action,Casual,Indie,Racing",24.99,29,89.66,Action,2024,5
3316170,Binarycurse,2024-11-21,0 - 20000,0,0.99,0,0,"Adventure,Indie,Simulation,Strategy",0.99,0,0.0,Adventure,2024,11
486370,Pinball Evolution VR,2017-04-29,0 - 20000,0,7.99,29,6,"Indie,Simulation,Early Access",7.99,35,82.86,Indie,2017,4
2299740,Tales of Rein Ravine,2024-10-11,0 - 0,0,0.0,0,0,"Adventure,Indie,Sports,Free To Play,Early Access",0.0,0,0.0,Adventure,2024,10
3431820,Bear Brigade: Ocean Attack!,2025-10-24,0 - 20000,0,4.5,0,0,"Action,Indie,Strategy",4.5,0,0.0,Action,2025,10
2838040,Mission Rovee,2024-04-29,0 - 20000,0,0.99,11,0,"Adventure,Casual,Simulation",0.99,11,100.0,Adventure,2024,4
2372150,Escape from Norwood,2023-09-13,20000 - 50000,0,2.99,5,0,"Adventure,Indie",2.99,5,100.0,Adventure,2023,9
795230,Venture Arctic,2018-05-01,0 - 20000,0,1.99,3,3,"Casual,Indie,Simulation,Strategy",1.99,6,50.0,Casual,2018,5
3863720,Velocity One,2025-07-30,0 - 0,0,3.24,0,0,"Action,Racing,Simulation",3.24,0,0.0,Action,2025,7
3678990,Incredible Dracula: License to Relax,2025-06-11,0 - 20000,0,2.09,0,0,"Adventure,Casual,Strategy",2.09,0,0.0,Adventure,2025,6
399130,Massive Cleavage vs Zombies: Awesome Edition,2016-07-08,100000 - 200000,0,0.49,94,101,"Action,Casual,Indie",0.49,195,48.21,Action,2016,7
549260,Alwa's Awakening,2017-02-02,50000 - 100000,2,1.69,674,167,"Adventure,Indie",1.69,841,80.14,Adventure,2017,2
2227710,The Rocket Jumper,2023-01-27,0 - 20000,0,2.99,1,1,"Action,Casual,Indie,Sports,Early Access",2.99,2,50.0,Action,2023,1
1348030,Planta,2020-08-06,0 - 20000,0,4.99,16,12,"Action,Adventure,Simulation",4.99,28,57.14,Action,2020,8
4106230,Milk Mafia,2025-11-22,0 - 0,0,0.0,0,0,"Casual,Free To Play",0.0,0,0.0,Casual,2025,11
1849070,WHMIS 2015 VR,2022-01-26,0 - 20000,0,3.99,1,1,"Simulation,Early Access",3.99,2,50.0,Simulation,2022,1
3438250,Paranormal Mutagens: Cargo,2025-01-24,0 - 20000,0,0.89,1,0,"Casual,Indie",0.89,1,100.0,Casual,2025,1
32720,F-16 Multirole Fighter,2009-06-18,20000 - 50000,0,2.49,114,21,Simulation,2.49,135,84.44,Simulation,2009,6
1253580,My Dangerous Life,2020-07-23,0 - 20000,0,5.19,60,13,"Casual,Indie,RPG",5.19,73,82.19,Casual,2020,7
449540,There's Poop In My Soup,2016-03-14,200000 - 500000,1,0.99,3993,491,"Casual,Indie",0.99,4484,89.05,Casual,2016,3
3402560,Sweet Fantasy World,2025-02-13,0 - 20000,0,1.79,0,0,"Casual,Indie,RPG",1.79,0,0.0,Casual,2025,2
357830,Attack of the Labyrinth +,2015-03-30,0 - 20000,0,0.0,30,20,"Action,Indie",0.0,50,60.0,Action,2015,3
3176560,[Southern Fjords] Newspaper Day,2024-11-11,0 - 20000,0,1.99,57,25,"Adventure,Casual,Indie",1.99,82,69.51,Adventure,2024,11
4146020,Deery Me,2025-11-24,0 - 20000,0,2.99,0,0,Action,2.99,0,0.0,Action,2025,11
2398720,Rune in the Three Kingdoms,2023-12-08,0 - 20000,0,3.99,4,2,"Adventure,Casual,Indie,Massively Multiplayer,RPG,Strategy",3.99,6,66.67,Adventure,2023,12
