AppID,Name,Peak CCU,Positive,Negative,Price,Release date,Genres,Categories,Developers,Publishers,Required age
アパシー学校であった怖い話 Visual Novel Version,"Aug 7, 2023",0,4,0,0,0 - 20000,Adventure,"Single-player,Family Sharing","七転び八転がり,SHANNON",七転び八転がり,8.99
Merge,"Aug 1, 2024",0,0,0,0,0 - 20000,"Casual,Indie","Single-player,Steam Achievements,Family Sharing",Rome Renner,Rome Renner,1.99
Powwow Bound: A Menominee Homecoming,"Nov 18, 2025",0,0,0,0,0 - 0,"Adventure,Casual,Free To Play","Single-player,Steam Achievements,Full controller support","Nebraska Public Media,PBS Wisconsin",Nebraska Public Media,0.0
VR Hiroshima 1945,"Jan 15, 2021",0,17,14,68,0 - 20000,Adventure,"Single-player,Tracked Controller Support,VR Only,Family Sharing",William of Oxford,William of Oxford,1.59
Tom Clancy's Ghost Recon®,"Jul 15, 2008",17,1400,115,0,200000 - 500000,Action,"Single-player,Multi-player,Co-op,Family Sharing",Red Storm Entertainment,Ubisoft,2.99
Coffee with Prescilla,"Aug 28, 2020",0,0,0,0,0 - 20000,RPG,"Single-player,Family Sharing",cgvaqs,cgvaqs,4.99
Billionaire in the Oil Boom,"Jun 25, 2025",0,0,0,0,0 - 0,"Simulation,Strategy","Single-player,Family Sharing",Pizza OK Games,Pizza OK Games,5.99
OneHanded,"Jul 29, 2022",0,0,0,0,0 - 0,"Action,Free To Play,Indie",Single-player,LarcenistGames,LarcenistGames,0.0
18 Year Pure Sweet Loli,"Jan 11, 2025",0,6,1,20,0 - 20000,Casual,"Single-player,Family Sharing",CrystalSnow,CrystalSnow,0.79
研究生战斗,"May 29, 2025",0,0,0,0,0 - 20000,"Casual,Indie,Strategy","Single-player,Family Sharing",lhll,lhll,5.99
Stray Gods: The Roleplaying Musical,"Aug 9, 2023",0,3080,258,0,200000 - 500000,Adventure,"Single-player,Full controller support,Family Sharing",Summerfall Studios,Humble Games,17.99
Edge Guardian,"Sep 21, 2016",0,9,0,0,0 - 20000,"Action,Indie,Early Access","Single-player,Steam Achievements,Tracked Controller Support,VR Only,Steam Leaderboards,Family Sharing",Hypothermic Games,Hypothermic Games,6.99
I doesn't exist - a modern text adventure,"Oct 5, 2023",0,52,22,65,0 - 20000,"Adventure,Indie","Single-player,Family Sharing",LUAL Games KIG,DreadXP,4.54
Snake 3D Adventures,"Aug 1, 2017",0,23,11,0,0 - 20000,"Action,Adventure,Casual,Indie","Single-player,Steam Achievements,Steam Trading Cards,Partial Controller Support,Steam Leaderboards,Family Sharing","Ino-Co Plus,Variags",AkPublish,1.99
Let Chat Guess,"Dec 15, 2022",0,3,0,40,0 - 20000,"Indie,Simulation,Early Access","Single-player,Steam Achievements,Steam Leaderboards,Family Sharing",Kilz Knight,Kilz Knight,1.79
Loser Named Hana,"Oct 31, 2025",0,0,0,0,0 - 0,"Casual,Indie,Free To Play","Single-player,Custom Volume Controls,Keyboard Only Option,Mouse Only Option,Save Anytime,Stereo Sound",Repurpose Studios,Repurpose Studios,0.0
Star Clash,"Mar 2, 2018",0,3,2,0,0 - 20000,"Action,Casual,Indie","Single-player,Steam Achievements,Full controller support,Steam Cloud,Family Sharing",ZGame Studio,ZGame Studio,0.49
PROJECT TACHYON,"Feb 13, 2025",0,109,18,20,0 - 20000,"Action,Adventure","Single-player,Partial Controller Support,Steam Cloud,Family Sharing",STUDIO N9,HIKE Inc.,14.39
Kitchen Trials: Rush,"Aug 15, 2024",0,0,0,0,0 - 0,"Action,Indie,Free To Play","Single-player,Steam Achievements,Captions available,Steam Leaderboards",Karma Array,Karma Array,0.0
Feral Flowers,"Nov 24, 2021",0,6,0,0,0 - 20000,"Action,Indie","Single-player,Steam Achievements,Full controller support,Family Sharing",STARRIVER,STARRIVER,1.25
鲤氏奇人异闻录,"Oct 24, 2024",0,0,0,0,0 - 0,"Adventure,Indie,Free To Play",Single-player,顽童计划,顽童计划,0.0
9-nine-:Episode 1,"Jan 31, 2019",0,1526,77,60,50000 - 100000,"Casual,Simulation","Single-player,Steam Achievements,Steam Trading Cards,Steam Cloud,Family Sharing",PALETTE,Sekai Project,7.99
Layer Hunt,"Sep 14, 2024",0,0,0,0,0 - 20000,"Action,Adventure,Indie,RPG,Free To Play",Single-player,"Edvin Andersson,Anton Andersson","Edvin Andersson,Anton Andersson",0.0
U4iA - Season 1,"Sep 26, 2025",0,0,0,0,0 - 0,"Indie,RPG","Single-player,Steam Achievements,Steam Cloud,Family Sharing",DriftyGames,DriftyGames,11.99
Synaxarion Christian Stories: Holy Martyr Neophytos,"Aug 24, 2024",0,2,1,0,0 - 20000,"Casual,Indie","Single-player,Family Sharing",Ignatios Productions,Ignatios Productions,2.99
Crazy Saloon VR,"Nov 30, 2016",0,9,5,0,0 - 20000,"Action,Simulation","Single-player,Tracked Controller Support,VR Only,Family Sharing",Monsieur K,Monsieur K,1.99
Deductum,"Aug 5, 2025",0,0,0,0,0 - 0,"Casual,Indie,Strategy","Single-player,Steam Achievements,Custom Volume Controls,Mouse Only Option,Playable without Timed Input,Touch Only Option,Steam Cloud,Family Sharing",nonpop,nonpop,2.49
OZMAFIA!!,"Apr 29, 2016",0,546,112,0,20000 - 50000,Adventure,"Single-player,Steam Trading Cards,Steam Cloud,Family Sharing",Poni-Pachet SY,MangaGamer,17.49
Eternal Man: Mountain,"Apr 6, 2018",0,32,17,0,0 - 20000,"Action,Adventure,Casual,Indie","Single-player,Steam Achievements,Family Sharing",eProdigy,advocatus,0.99
The shelter of patient,"Nov 21, 2022",0,1,3,0,0 - 20000,"Adventure,Indie,Simulation","Single-player,Family Sharing",kcasl,Defalut Zero,0.99
Fast Dust,"Aug 22, 2018",0,9,7,75,0 - 20000,"Indie,Racing","Single-player,Multi-player,PvP,Online PvP,Steam Achievements,Full controller support,Family Sharing",Binary Giants,Binary Giants,3.99
Microdistrict,"Jun 5, 2024",0,5,0,25,0 - 20000,Casual,"Single-player,Family Sharing",UrbanWanderer,UrbanWandererGames,1.49
AnderKant 3,"Feb 13, 2025",0,0,0,0,0 - 20000,"Adventure,Casual,Indie,Simulation","Single-player,Family Sharing",KlankeKlanke,KlankeKlanke,0.99
ParaLily,"Nov 9, 2021",0,17,0,79,0 - 20000,"Action,Adventure,Indie","Single-player,Steam Achievements,Full controller support,Steam Cloud,Family Sharing",Team ParaLily,"Team ParaLily,Luna Wolf Studios",0.83
Scorn,"Oct 14, 2022",0,11887,3613,75,1000000 - 2000000,"Action,Adventure,Indie","Single-player,Steam Achievements,Full controller support,Steam Trading Cards,Steam Cloud,Family Sharing",Ebb Software,Kepler Interactive,9.99
Tactics & Strategy Master 2:Princess of Holy Light（圣光战姬）,"Apr 10, 2019",0,100,65,50,0 - 20000,"Indie,RPG,Strategy","Single-player,Steam Achievements,Steam Trading Cards,Steam Cloud,Family Sharing",Gemini Stars Games,Gemini Stars Games,2.49
How Your Package Gets Delivered,"Aug 10, 2025",0,0,0,0,0 - 0,"Casual,Indie,Racing,Free To Play",Single-player,MindPlayPark,MindPlayPark,0.0
Waystones,"Aug 20, 2025",0,0,0,0,0 - 20000,"Casual,Indie,RPG,Strategy","Single-player,Steam Achievements,Family Sharing",Athyran Studios,Athyran Studios,11.69
Diluvion: Resubmerged,"Feb 2, 2017",0,684,421,90,50000 - 100000,"Action,Adventure,Indie,RPG","Single-player,Steam Achievements,Full controller support,Steam Trading Cards,Steam Cloud,Family Sharing",Arachnid Games,Good Shepherd Entertainment,1.99
Magatch,"Feb 5, 2025",0,18,10,92,0 - 20000,"Casual,Sports,Strategy","Single-player,Steam Achievements,Family Sharing",Gamesforgames,Gamesforgames,0.79
MedaAbi: The Mystery of Pusini,"Mar 10, 2022",0,1,0,0,0 - 20000,"Action,Indie","Single-player,Partial Controller Support,Family Sharing",オモムロス,オモムロス,3.24
Slinger VR,"Apr 23, 2020",0,57,25,0,0 - 20000,"Action,Casual,Indie,Simulation","Single-player,Tracked Controller Support,VR Only,Family Sharing",Empyrean,Empyrean,14.99
Chromacell,"Sep 24, 2024",0,10,0,0,20000 - 50000,Action,"Single-player,Steam Achievements,Full controller support,Steam Cloud,Family Sharing",171Dev,171Dev,5.99
CrafTAE,"Jul 21, 2025",0,0,0,50,0 - 20000,"Casual,Indie,Strategy","Single-player,Steam Achievements,Camera Comfort,Custom Volume Controls,Adjustable Difficulty,Mouse Only Option,Save Anytime,Stereo Sound,Surround Sound,Steam Cloud,Stats,Steam Leaderboards,Family Sharing,Steam Timeline",mappe,mappe,3.99
Lighthouse Stories - Book one: Part one,"Jan 25, 2022",0,1,2,80,0 - 20000,"Adventure,Indie","Single-player,Steam Achievements,Family Sharing",VS Entertaiment,VS Entertaiment,0.59
Frogvival,"May 23, 2023",0,7,3,90,0 - 20000,Strategy,"Single-player,Steam Achievements,Family Sharing",Marginalact,Marginalact,1.29
Runemancer,"Dec 7, 2023",0,4,0,0,0 - 20000,"Casual,Indie,RPG,Strategy","Single-player,Steam Achievements,Steam Cloud,Family Sharing",Pixel Army Games,Pixel Army Games,1.99
Blox 3D World,"Nov 18, 2021",0,13,2,60,0 - 20000,"Casual,Indie,Simulation","Single-player,Family Sharing",Appy Monkeys Software Pvt. Ltd.,Appy Monkeys Software Pvt. Ltd.,1.99
Tales of Adventure 2,"Jul 14, 2014",0,13,29,0,0 - 20000,"Action,Adventure,Indie,RPG","Single-player,Steam Achievements,Steam Trading Cards,Steam Workshop,Steam Cloud,Family Sharing","XIAOYAO,BetaSparkUK",XIAOYAO,9.99
Race,"Jan 9, 2018",0,118,55,0,20000 - 50000,"Casual,Indie,Racing,Simulation","Single-player,Multi-player,PvP,Online PvP,Shared/Split Screen PvP,Partial Controller Support,Remote Play Together,Family Sharing",RewindApp,RewindApp,0.55
Papertris,"Mar 1, 2022",0,10,1,0,20000 - 50000,"Casual,Indie","Single-player,Multi-player,PvP,Shared/Split Screen PvP,Shared/Split Screen,Steam Achievements,Full controller support,Remote Play Together,Family Sharing",Paper_Games,Paper_Games,3.99
Kozomo: The Smoldering Ember,"Apr 25, 2025",0,3,0,0,0 - 20000,"Adventure,Indie","Single-player,Steam Achievements,Full controller support,Steam Cloud,Family Sharing",Kursat Kuyumcu,Kursat Kuyumcu,1.49
Chez Croggy,"Sep 14, 2023",0,1,0,0,20000 - 50000,Indie,"Single-player,Steam Achievements,Family Sharing",Algoji,Algoji,0.99
Ether One,"Mar 25, 2014",0,323,119,50,50000 - 100000,"Adventure,Indie","Single-player,Steam Achievements,Full controller support,Steam Trading Cards,Remote Play on TV,Family Sharing",White Paper Games,White Paper Games,9.99
SIGNAL,"Jul 21, 2020",0,4,6,0,0 - 20000,Indie,"Single-player,Family Sharing",RPavel,RPavel,1.99
Lights Out,"Jan 25, 2019",0,19,11,0,0 - 20000,"Action,Adventure,Free To Play","Single-player,Partial Controller Support",Class of 2017-2018,Campus ADN,0.0
Christmas Wonderland 14 Collector's Edition,"Dec 14, 2023",0,5,0,0,0 - 20000,"Adventure,Casual,Indie","Single-player,Family Sharing",Casual Arts,Casual Arts,9.99
Clean Your Room,"Sep 5, 2024",0,4,0,0,20000 - 50000,"Casual,Indie","Single-player,Steam Achievements,Family Sharing",PixelCircuit,PixelCircuit,10.0
Unlock the Feelings,"May 5, 2022",0,0,0,0,0 - 0,"Casual,Strategy,Free To Play","Single-player,Steam Achievements,Steam Cloud",Mens Sana Interactive,Mens Sana Interactive,0.0
I HUMAN MACHINE,"May 31, 2022",0,1,0,0,0 - 20000,"Action,Adventure,Indie,RPG","Single-player,Partial Controller Support,Family Sharing","LYU YANNAN,SUN XIN,ZHANG JIANHUI",YANNAN LYU,2.99
Captain vs Sky Pirates,"Oct 10, 2017",0,1,4,80,100000 - 200000,"Action,Adventure,Indie,Strategy","Single-player,Family Sharing",Boogygames Studios,Boogygames Studios,0.59
Dungeon World,"Dec 18, 2025",0,5,0,0,20000 - 50000,"Adventure,Indie,Strategy","Single-player,Steam Achievements,Partial Controller Support,Steam Cloud,Family Sharing",FBRZD,FBRZD,5.59
Draft Day Sports: College Basketball 2022,"Mar 10, 2022",0,17,7,0,0 - 20000,"Indie,Simulation,Sports,Strategy","Single-player,Family Sharing",Wolverine Studios,Wolverine Studios,3.99
Red Valley,"May 9, 2022",0,130,29,30,0 - 20000,"Action,Adventure,Indie","Single-player,Steam Achievements,Family Sharing",616 GAMES,616 GAMES,1.39
No Road To PEAK: Together,"Aug 1, 2025",0,0,0,0,0 - 20000,"Action,Adventure,Indie,Early Access","Single-player,Multi-player,Co-op,Online Co-op,Family Sharing",Panic Panda,Panic Panda,3.39
Five Elements Clash Battle,"Jan 26, 2026",0,0,0,0,0 - 0,"Action,Casual,Racing","Single-player,Custom Volume Controls,Adjustable Difficulty,Playable without Timed Input,Stereo Sound,Surround Sound,Family Sharing",YIN YUAN,YIN YUAN,2.99
Lilith Was Dead,"Feb 2, 2021",0,17,2,0,20000 - 50000,"Indie,Free To Play","Single-player,Partial Controller Support",Heat Wave Games,Heat Wave Games,0.0
Echoes,"Nov 12, 2023",0,23,4,0,0 - 20000,RPG,"Single-player,Full controller support,Family Sharing",huyuinu,huyuinu,3.99
3D PUZZLE - Apocalyptic Wasteland,"Sep 20, 2024",0,0,0,0,0 - 0,"Action,Adventure,Casual,Indie,RPG,Simulation,Sports,Strategy","Single-player,Family Sharing",PUZZLE Games,Hede,199.99
Yujiro's Mansion,"Sep 4, 2023",0,0,0,0,0 - 0,Free To Play,"Single-player,Steam Achievements,Partial Controller Support",RacerX_Games,RacerX_Games,0.0
BAN: The Prologue of GUCHA GUCHA,"Oct 23, 2024",0,16,23,50,0 - 20000,"Adventure,Casual,Indie","Single-player,Full controller support,Family Sharing",市松製化,Kodansha,4.49
Dap,"Sep 29, 2021",0,138,8,50,0 - 20000,"Action,Adventure,Indie","Single-player,Steam Achievements,Full controller support,Family Sharing",Melting Parrot,Melting Parrot,6.99
Darza's Dominion,"Apr 21, 2022",0,805,404,0,200000 - 500000,"Action,Adventure,Massively Multiplayer,RPG","Multi-player,MMO,Co-op,Online Co-op,Cross-Platform Multiplayer,In-App Purchases",Ripple Studio,Ripple Studio,0.0
Painted Shores,"Oct 1, 2025",0,0,0,0,0 - 0,"Action,Adventure,Casual,Indie","Single-player,Family Sharing","Concept Interactive,Ben Koper",Concept Interactive,0.99
Battle for the Crystals,"May 22, 2024",0,1,1,0,0 - 20000,"Action,Casual,Indie","Single-player,Family Sharing",Take Care Studios,Take Care Studios,1.99
Ninja VS Zombies,"Dec 13, 2022",0,3,1,0,0 - 20000,"Action,Indie","Single-player,Steam Achievements,Full controller support,Family Sharing",TYG,TYG,2.99
The Proponent,"Jun 9, 2023",0,7,2,0,0 - 20000,Indie,"Single-player,Family Sharing",TwoDogs,TwoDogs,4.24
MarksmanVR,"Sep 19, 2017",0,16,5,0,0 - 20000,"Action,Indie","Single-player,Tracked Controller Support,VR Only,Family Sharing",Jaemoon Choi,Jaemoon Choi,3.99
Forgot,"Dec 5, 2025",0,0,0,0,0 - 20000,"Casual,Indie","Single-player,Steam Achievements,Family Sharing",Maxwell Whitebaker,Maxwell Whitebaker,3.99
Cult -Vein-,"Dec 22, 2025",0,1,1,0,0 - 20000,"Adventure,Indie","Single-player,Family Sharing",H864 Studio,H864 Studio,10.99
KEL Reaper of Entropy,"Nov 18, 2014",0,23,26,0,0 - 20000,"Adventure,Indie","Single-player,Steam Achievements,Family Sharing",Tavern Games,Stained Glass Llama,1.99
3 Minute Heroes,"Nov 17, 2021",0,179,30,75,20000 - 50000,Strategy,"Single-player,Multi-player,PvP,Online PvP,Steam Achievements,Steam Cloud,Family Sharing",Sinkhole Studio,Sinkhole Studio,4.99
Hero Park,"May 28, 2021",0,30,19,0,0 - 20000,Simulation,"Single-player,Family Sharing",Fun Flavor Games,DIVASKY LIMITED,12.99
Deadzone Haunt,"Apr 24, 2025",0,12,1,75,50000 - 100000,"Action,Indie","Single-player,Steam Achievements,Full controller support,Steam Cloud,Steam Leaderboards,Family Sharing",GeamGames,GeamGames,3.74
The Developer,"Sep 16, 2020",0,17,5,0,0 - 20000,"Casual,Indie,Simulation,Strategy","Single-player,Steam Achievements,Family Sharing",Huntah,Huntah,2.99
Somewhere: Sect of Relic,"May 4, 2020",0,20,11,0,0 - 20000,"Action,Adventure,Indie","Single-player,Steam Achievements,Partial Controller Support,Family Sharing",Dude Bro's,Junla Games,0.99
1000$,"Jul 30, 2019",0,31,20,51,0 - 20000,"Action,Adventure,Indie,Simulation","Single-player,Family Sharing",BisquitGames,BisquitGames,0.49
Screwball,"Aug 13, 2025",0,0,0,0,0 - 0,Casual,"Single-player,Steam Achievements,Custom Volume Controls,Playable without Timed Input,Save Anytime,Stereo Sound,Steam Cloud,Family Sharing",Scott Tipton,Scott Tipton,14.99
Call to Power II,"Apr 18, 2017",0,90,45,0,20000 - 50000,Strategy,"Single-player,Family Sharing",Activision,Activision,3.89
Guitar Fretter,"Oct 17, 2024",0,1,1,0,0 - 20000,"Action,Casual,Indie","Single-player,Family Sharing",Rob Stenzinger,Rob Stenzinger,4.99
Party Golf,"Oct 26, 2016",0,59,14,0,50000 - 100000,"Indie,Sports","Single-player,Multi-player,PvP,Shared/Split Screen PvP,Shared/Split Screen,Steam Achievements,Full controller support,Steam Trading Cards,Remote Play on TV,Remote Play Together,Family Sharing",Giant Margarita,Giant Margarita,14.99
Aliens and Asteroids,"Apr 30, 2024",0,20,1,0,0 - 20000,"Action,Adventure,Indie,Free To Play",Single-player,OwlVII,OwlVII,0.0
Hentai Rika,"Feb 27, 2025",0,0,0,51,0 - 20000,"Casual,Indie","Single-player,Steam Achievements,Family Sharing",Cyber Keks,Cyber Keks,0.49
Detective Montgomery Fox: The Case of Diamond Necklace,"Aug 22, 2023",0,4,0,90,0 - 20000,"Adventure,Casual,Indie","Single-player,Steam Achievements,Custom Volume Controls,Adjustable Difficulty,Mouse Only Option,Playable without Timed Input,Save Anytime,Touch Only Option,Steam Cloud,Family Sharing",Cateia Games,Cateia Games,0.99
1001 Jigsaw. Home Sweet Home 3,"Jul 17, 2022",0,3,1,0,0 - 20000,Casual,"Single-player,Family Sharing",8floor,8floor,14.99
Betrayal At Club Low,"Sep 9, 2022",0,480,14,0,50000 - 100000,"Adventure,Indie,RPG","Single-player,Steam Achievements,Full controller support,Steam Cloud,Family Sharing",Cosmo D Studios,Cosmo D Studios,6.99
BUS: Prologue,"Jan 29, 2026",0,0,0,0,0 - 0,"Action,Adventure,Indie,Free To Play","Single-player,Multi-player,Co-op,Online Co-op",Herbarium Games,Herbarium Games,0.0
My Lovely Dog Adventure,"Apr 15, 2024",0,16,0,50,0 - 20000,"Action,Adventure,Casual,Indie,Simulation","Single-player,Steam Achievements,Full controller support,Family Sharing",EpiXR Games UG,EpiXR Games UG,4.99
Gelluloid Domination,"Feb 5, 2025",0,11,0,0,0 - 20000,"Action,Simulation,Strategy","Single-player,Steam Achievements,Steam Cloud,Family Sharing",Tractor Set GO!,Tractor Set GO!,8.99
UBERMOSH:OMEGA,"Nov 8, 2019",0,160,11,0,0 - 20000,"Action,Indie","Single-player,Steam Achievements,Full controller support,Family Sharing",Walter Machado,Walter Machado,0.49
Viking Vengeance,"Apr 8, 2021",0,59,45,0,0 - 20000,"Action,Adventure,Indie,RPG,Strategy","Single-player,Steam Achievements,Steam Cloud,Family Sharing",Lowpoly Interactive,Lowpoly Interactive,19.99
Dark Desire Mute 2,"Feb 3, 2023",0,0,0,15,0 - 20000,Simulation,"Single-player,Steam Achievements,Partial Controller Support,Family Sharing",CodeRenderX,CodeRenderX,4.24
Rogue Harvest,"Apr 16, 2018",0,39,29,51,0 - 20000,"Action,Adventure,Indie,RPG,Strategy","Single-player,Steam Achievements,Family Sharing",Genetix Studio,Genetix Studio,0.49
Backrooms Maze 2D,"Sep 1, 2025",0,0,0,51,0 - 20000,"Adventure,Casual,Indie","Single-player,Custom Volume Controls,Adjustable Difficulty,Family Sharing",Insanity Studios LLC,Insanity Studios LLC,0.49
Sketch! Run!,"Mar 31, 2017",0,18,2,90,100000 - 200000,"Indie,Early Access","Single-player,Steam Trading Cards,Family Sharing",VI GAMES LLC,My Way Games,0.49
Lanesplitterz,"Jan 27, 2025",0,0,0,0,0 - 0,"Sports,Free To Play",Single-player,Last Sundae Studios,USC Games,0.0
Doomba,"Aug 27, 2024",0,0,0,0,0 - 20000,"Casual,Indie,Simulation,Free To Play","Single-player,Full controller support","Malachi Franson,Rees Jackson,Joshua Watson",Ringling College of Art and Design,0.0
Void Drift,"Nov 5, 2025",0,0,0,0,0 - 0,"Action,Casual,Indie,RPG","Single-player,Steam Achievements,Family Sharing",Kneedlik,Kneedlik,7.99
Weird Hero,"Nov 18, 2016",0,141,65,79,20000 - 50000,"Action,Indie","Single-player,Steam Achievements,Steam Trading Cards,Partial Controller Support,Family Sharing",Snail-Ninja Studio,Snail-Ninja Studio,0.83
Card Blitz: WWII,"Oct 26, 2020",0,50,37,0,0 - 20000,"Casual,Indie,Strategy,Free To Play","Single-player,Multi-player,PvP,Online PvP,Steam Achievements,In-App Purchases,Stats",HocWar,HocWar,0.0
Crazy Invader ShootEm Down,"Oct 10, 2021",0,4,1,0,0 - 20000,"Action,Casual,Indie","Single-player,Partial Controller Support,Family Sharing",Crazy Retro Games,Crazy Retro Games,0.55
Ozapell Mystery Text Adventure,"Apr 1, 2019",0,1,2,60,0 - 20000,"Adventure,Casual,Indie","Single-player,Family Sharing",Ozapell,Ozapell,0.79
Swordbreaker The Game,"Nov 6, 2015",0,336,67,65,50000 - 100000,"Adventure,Indie","Single-player,Steam Achievements,Steam Trading Cards,Family Sharing",DuCats Games Studio,DuCats Games Studio,1.74
My Pleasure - Season 1,"Dec 15, 2022",0,0,0,53,0 - 20000,"Adventure,Indie","Single-player,Steam Achievements,Family Sharing","Tasty Pics Studio,Loys","Tasty Pics Studio,Loys",6.57
M.E.M.E.S.,"Feb 8, 2019",0,4,1,0,0 - 20000,"Adventure,Casual,RPG","Single-player,Family Sharing","M.E.M.E. Studios,Rafal Korbaczynski",Rafal Korbaczynski,6.99
Geneforge 1 - Mutagen,"Feb 24, 2021",0,385,24,70,0 - 20000,"Adventure,Indie,RPG,Strategy","Single-player,Steam Achievements,Steam Trading Cards,Steam Cloud,Family Sharing",Spiderweb Software,Spiderweb Software,5.99
Aperture,"Mar 28, 2024",0,1,2,0,0 - 20000,"Adventure,Indie","Single-player,Steam Achievements,Family Sharing","Enigmapulse Games ,LLC","Enigmapulse Games ,LLC",14.99
Pro Pinball Ultra,"Jul 21, 2016",0,251,53,50,50000 - 100000,Simulation,"Single-player,Partial Controller Support,Family Sharing",Barnstorm Games,Barnstorm Games,7.49
NEKOPARA Vol. 0,"Aug 17, 2015",0,16447,1078,60,500000 - 1000000,"Casual,Indie","Single-player,Steam Achievements,Steam Trading Cards,Steam Cloud,Family Sharing",NEKO WORKs,Sekai Project,1.19
"GuGu Pizza : Delivering Pizza to the Space Station? Boss, this is just not right!","Jan 21, 2025",0,351,47,40,0 - 20000,"Action,Adventure,Casual,Indie","Single-player,Steam Achievements,Full controller support,Family Sharing",AnomalyGuys,AnomalyGuys,4.19
Fantasy Maiden Wars - DREAM OF THE STRAY DREAMER -,"Oct 20, 2025",0,0,0,20,0 - 20000,"Indie,RPG,Simulation","Single-player,Steam Achievements,Custom Volume Controls,Adjustable Difficulty,Playable without Timed Input,Partial Controller Support,Steam Cloud,Family Sharing",さんぼん堂,Phoenixx Inc.,27.99
Fight Angel Special Edition,"Dec 20, 2019",0,1376,449,85,50000 - 100000,"Action,Simulation","Single-player,Multi-player,PvP,Online PvP,Shared/Split Screen PvP,Steam Achievements,Partial Controller Support,Steam Cloud,Steam Leaderboards,Remote Play Together,Family Sharing",Red Fox,Red Fox,2.99
Extinction Void,"Nov 18, 2024",0,0,1,51,0 - 20000,"Action,Adventure,Casual,Indie","Single-player,Captions available,Family Sharing",乐猪游戏,乐猪游戏,0.49
Antipaint,"Mar 11, 2024",0,218,8,40,0 - 20000,"Action,Casual,Indie","Single-player,Steam Achievements,Full controller support,Camera Comfort,Custom Volume Controls,Keyboard Only Option,Playable without Timed Input,Stereo Sound,Steam Cloud,Remote Play on TV,Family Sharing",Vilius Prakapas,Vilius Prakapas,4.79
Croquet Pro 2,"Nov 15, 2018",0,4,3,0,0 - 20000,"Indie,Sports","Single-player,Multi-player,PvP,Shared/Split Screen PvP,Co-op,Shared/Split Screen Co-op,Shared/Split Screen,Full controller support,Remote Play Together,Family Sharing",Falling Ninja Productions,Top Secret Studios,1.99
Mr. President,"Jan 26, 2026",0,0,0,0,0 - 0,"RPG,Simulation,Strategy,Early Access","Single-player,Family Sharing",Exia Labs,Exia Labs,19.99
Mercury Abbey,"Nov 21, 2024",0,717,61,0,20000 - 50000,Indie,"Single-player,Steam Achievements,Full controller support,Steam Cloud,Family Sharing",YiTi Games,Gamirror Games,14.39
Dungeon Liberator,"Oct 12, 2022",0,0,2,0,0 - 20000,"Casual,Strategy","Single-player,Multi-player,PvP,Online PvP,Family Sharing",3P Studios,3P Studios,5.99
Neverland永无乡,"Dec 5, 2024",0,14,1,0,0 - 20000,RPG,"Single-player,Steam Achievements,Family Sharing",Roastfish,Roastfish,1.99
Tiger Tank 59 Ⅰ Volcano,"May 24, 2019",0,4,6,0,0 - 20000,"Action,Casual,Indie","Single-player,Steam Achievements,Full controller support,Steam Leaderboards",TigerQiuQiu,TigerQiuQiu,0.0
Stones Keeper,"Sep 15, 2022",0,75,31,78,20000 - 50000,"Adventure,RPG,Strategy","Single-player,Multi-player,PvP,Online PvP,Shared/Split Screen PvP,Co-op,Online Co-op,Shared/Split Screen Co-op,Shared/Split Screen,Steam Achievements,Steam Trading Cards,Steam Cloud,Remote Play Together,Family Sharing",SK Team,Valkyrie Initiative,3.73
Prescribe and Pray,"Feb 6, 2026",0,0,0,0,0 - 0,Simulation,"Single-player,Steam Achievements,Custom Volume Controls,Playable without Timed Input,Family Sharing",Nuclear Rabbits,Nuclear Rabbits,9.59
Brotherhood United,"Jun 15, 2018",0,12,5,0,0 - 20000,"Action,Indie","Single-player,Multi-player,PvP,Shared/Split Screen PvP,Co-op,Shared/Split Screen Co-op,Steam Achievements,Full controller support,Remote Play Together,Family Sharing",Greedy Hollow,Myoubouh Corp,0.79
Diptych,"Feb 18, 2022",0,20,6,0,0 - 20000,"Adventure,Early Access","Single-player,Steam Achievements,Family Sharing",Dnovel,Dnovel,2.39
Solace State: Emotional Cyberpunk Stories,"Sep 14, 2023",0,30,2,0,0 - 20000,"Adventure,Casual,Indie,RPG,Simulation","Single-player,Steam Achievements,Full controller support,Captions available,Steam Cloud,Family Sharing",Vivid Foundry Corp.,Vivid Foundry Corp.,10.99
Bargain Blocz,"Jan 6, 2023",0,0,6,0,0 - 20000,Casual,"Single-player,Steam Achievements,Partial Controller Support,Family Sharing",Jose Lousa,Jose Lousa,0.49
Castle of Illusion,"Sep 4, 2013",0,3556,365,75,200000 - 500000,"Adventure,Casual","Single-player,Steam Achievements,Full controller support,Steam Cloud,Family Sharing",SEGA Studios Australia,SEGA,3.74
Lunatia Covenant -Pale White Agent-,"May 10, 2022",0,0,0,0,0 - 20000,"Action,Indie","Single-player,Partial Controller Support,Family Sharing",MaraStudio,MaraStudio,9.49
Alaskan Road Truckers,"Oct 18, 2023",0,1891,1097,75,100000 - 200000,"Action,Adventure,Casual,Indie,Racing,Simulation","Single-player,Steam Achievements,Steam Trading Cards,Partial Controller Support,Family Sharing",Road Studio S.A.,"Green Man Gaming Publishing,Feel Good Games",5.49
Attack of the Bugs,"Nov 29, 2017",0,42,5,0,0 - 20000,Action,"Single-player,Steam Achievements,Tracked Controller Support,VR Only,Steam Cloud,Steam Leaderboards,Family Sharing",Empty Clip Studios,Empty Clip Studios,7.99
MADievals - The rise of Rusty Steelknee,"Dec 13, 2023",0,20,3,0,0 - 20000,Adventure,"Single-player,Steam Achievements,Family Sharing",Raffaele 2finger Bonfanti,Raffaele 2finger Bonfanti,11.99
UnSummoning: the Spectral Horde,"Dec 21, 2015",0,28,8,0,0 - 20000,"Action,Casual,Indie","Single-player,Steam Achievements,Full controller support,Steam Trading Cards",Roaming Ground Studio,Roaming Ground Studio,0.0
Super Duper Party Pooper,"Jun 6, 2016",0,352,97,0,100000 - 200000,"Casual,Indie,Simulation,Strategy","Single-player,Steam Achievements,Steam Trading Cards,Steam Workshop,Steam Cloud,Steam Leaderboards,Family Sharing",K Bros Games,K Bros Games,0.99
Please Smile,"Dec 12, 2024",0,0,0,75,0 - 20000,"Action,Casual,Indie","Single-player,Steam Achievements,Partial Controller Support,Family Sharing",Red Jellyfish,Red Jellyfish,1.24
Adrenalinkick,"May 9, 2025",0,3,1,40,0 - 20000,"Casual,Racing,Simulation,Early Access","Single-player,Family Sharing",Draconum,Pinguin Games,2.99
Train Fever,"Sep 4, 2014",0,2251,1251,90,200000 - 500000,"Casual,Indie,Simulation","Single-player,Steam Achievements,Family Sharing",Urban Games,Good Shepherd Entertainment,1.99
Unfeigned Depths,"Oct 25, 2024",0,3,0,0,0 - 20000,"Action,Adventure,Indie","Single-player,Steam Achievements,Family Sharing",Voidwire Interactive,Voidwire Interactive,11.99
Too Many Cooks,"Nov 1, 2023",0,18,0,0,0 - 20000,"Action,Indie,RPG,Early Access","Single-player,Steam Achievements,Full controller support,Steam Cloud,Family Sharing",Dr Jammy Games,Dr Jammy Games,4.99
NITE Team 4 - Military Hacking Division,"Feb 26, 2019",0,1117,98,0,50000 - 100000,"Adventure,Indie,Simulation,Strategy","Single-player,Multi-player,Co-op,Online Co-op,Cross-Platform Multiplayer,Steam Achievements,Steam Trading Cards,Family Sharing",Alice & Smith,Alice & Smith,19.99
QSVT: ¡Que se vayan todos!,"Dec 20, 2025",0,0,0,0,0 - 0,"Indie,RPG,Simulation,Strategy","Single-player,Custom Volume Controls,Adjustable Difficulty,Keyboard Only Option,Mouse Only Option,Narrated Game Menus,Playable without Timed Input,Save Anytime,Family Sharing",Sendero tecnológico,Sendero tecnológico,4.96
Volden Idle,"Nov 16, 2023",0,1,0,0,0 - 20000,"Casual,Simulation,Early Access","Single-player,Family Sharing",Moony Glow,Moony Glow Games,2.99
Flatspace,"Jan 24, 2020",0,19,5,0,0 - 20000,"Action,Adventure,Indie,RPG,Simulation,Free To Play","Single-player,Partial Controller Support",Cornutopia Software,Cornutopia Software,0.0
WWE 2K25,"Mar 13, 2025",0,1556,809,67,50000 - 100000,"Simulation,Sports","Single-player,Multi-player,PvP,Online PvP,Shared/Split Screen PvP,Co-op,Online Co-op,Shared/Split Screen Co-op,Shared/Split Screen,Steam Achievements,In-App Purchases,Partial Controller Support,Steam Cloud,Remote Play Together",Visual Concepts,2K,19.79
Death in the Family,"Oct 13, 2021",0,13,12,70,0 - 20000,"Adventure,Indie","Single-player,Family Sharing",Semka,Semka,1.19
Scream or Die,"Dec 4, 2023",0,0,0,0,0 - 0,"Action,Adventure,Casual,Indie,Racing,RPG,Simulation,Sports,Strategy","Single-player,Steam Achievements,Steam Leaderboards,Family Sharing",Hede,Hede,199.99
Escape from Deathmark Dungeon,"Apr 13, 2022",0,4,1,0,20000 - 50000,"Action,Indie,RPG",Single-player,Matt Lloyd,Matt Lloyd,0.0
Brooks in Wild West,"Dec 4, 2024",0,0,0,50,0 - 20000,"Adventure,Casual,Indie,RPG,Simulation","Single-player,Family Sharing",PiggyNose Games,PiggyNose Games,5.99
Spacecats with Lasers VR,"Dec 19, 2016",0,26,0,50,0 - 20000,Action,"Single-player,Tracked Controller Support,VR Only,Family Sharing","Bitten Toast Games Inc.,Guilherme Cunha,Daniel Snd,Thiago Adamo",Bitten Toast Games Inc.,2.49
Chaos Theory Pirates,"May 1, 2020",0,4,2,0,0 - 20000,"Adventure,Indie,RPG,Simulation,Strategy,Early Access","Single-player,Family Sharing",Chaos Theory Studios Ltd.,Chaos Theory Studios Ltd.,5.99
ArcBall 2,"Apr 24, 2018",0,4,32,0,0 - 20000,"Casual,Indie,Simulation","Single-player,Family Sharing",VladProduction,VladProduction,0.49
Mortal Glory,"Jan 29, 2020",0,493,76,80,100000 - 200000,"Indie,RPG,Simulation,Strategy","Single-player,Steam Achievements,Steam Trading Cards,Camera Comfort,Custom Volume Controls,Adjustable Difficulty,Mouse Only Option,Steam Cloud,Family Sharing",Redbeak Games,Redbeak Games,1.59
Lelie Navigation!,"Dec 3, 2021",0,257,34,0,20000 - 50000,"Indie,RPG","Single-player,Steam Trading Cards,Steam Cloud,Family Sharing",Atelier Choice,Kagura Games,7.49
Alruna and the Necro-Industrialists,"Sep 26, 2024",0,61,3,50,20000 - 50000,"Adventure,Indie","Single-player,Full controller support,Steam Cloud,Family Sharing",Neckbolt,Burning Planet Digital,4.99
Towards The Stars,"Mar 4, 2021",0,6,7,0,0 - 20000,"Action,Adventure,Indie,Simulation","Single-player,Multi-player,PvP,Shared/Split Screen PvP,Shared/Split Screen,Steam Achievements,Steam Cloud,Family Sharing",Peter Tkačov,Peter Tkačov,4.99
Combo Jumper,"Oct 24, 2018",0,4,0,0,0 - 20000,Action,"Single-player,Family Sharing",Veathen Games,Veathen Games,9.99
《蜀山：初章》买断版,"Nov 17, 2022",0,4452,1533,0,200000 - 500000,Massively Multiplayer,"Multi-player,MMO,PvP,Co-op,Online Co-op,Cross-Platform Multiplayer,In-App Purchases,Family Sharing",重楼工作室,重楼工作室,24.99
Herman 2,"May 22, 2019",0,2,1,0,0 - 20000,Indie,"Single-player,Steam Achievements,Full controller support,Family Sharing",Dirge Game Studio,Dirge Game Studio,1.99
TRIX,"Feb 25, 2026",0,0,0,0,0 - 0,"Casual,Indie,Simulation","Single-player,Steam Achievements,Custom Volume Controls,Stereo Sound,Steam Leaderboards,Family Sharing",Leonardo Dawanchi,Leonardo Dawanchi,3.19
Hermit Home Designer,"Sep 15, 2022",0,0,0,0,0 - 0,"Casual,Simulation",Single-player,Ryan Nein,Ryan Nein,0.0
Hentai Pink,"Apr 10, 2023",0,0,0,0,0 - 0,"Casual,Indie,Strategy","Single-player,Steam Achievements,Steam Cloud,Family Sharing",htaidisgust,htaidisgust,0.59
Destiny Island,"Jan 30, 2021",0,23,17,0,0 - 20000,"Indie,Simulation","Single-player,Partial Controller Support",Empty Essence,Empty Essence,0.0
In Your Face TD,"Mar 22, 2017",0,150,8,0,0 - 20000,"Action,Strategy","Single-player,VR Only,Steam Cloud",BitBreak I/S,BitBreak I/S,0.0
What Remains of Edith Finch,"Apr 24, 2017",0,43128,1925,75,500000 - 1000000,"Adventure,Indie","Single-player,Steam Achievements,Full controller support,Steam Trading Cards,Steam Cloud,Remote Play on TV,Family Sharing",Giant Sparrow,Annapurna Interactive,4.99
Running on Empty,"Sep 9, 2022",0,15,0,60,50000 - 100000,"Adventure,Casual,Indie,RPG,Simulation","Single-player,Steam Achievements,Steam Cloud,Steam Leaderboards,Family Sharing",T.F.A.N.C.S.,T.F.A.N.C.S.,1.59
Nightly Maintenance,"Dec 2, 2023",0,13,1,0,0 - 20000,"Action,Adventure,Indie,Strategy","Single-player,Steam Achievements,Partial Controller Support,Family Sharing",TWhippp Games,TWhippp Games,0.99
The haunted hospice,"Aug 1, 2023",0,4,0,0,20000 - 50000,Adventure,"Single-player,Steam Achievements,Full controller support,Family Sharing",NH-Productions,NH-Productions,13.99
Allura: The Three Realms,"Mar 23, 2021",0,13,2,40,0 - 20000,Casual,"Single-player,Family Sharing",efunsoft games,HH-Games,4.79
Overclocked: The Aclockalypse,"Apr 26, 2018",0,38,16,0,0 - 20000,"Action,Free To Play,Indie","Single-player,Steam Achievements,Partial Controller Support",Timewind LLC,Timewind LLC,0.0
Romance of the Three Kingdoms III,"Feb 21, 2017",0,11,18,0,0 - 20000,Strategy,"Single-player,Steam Cloud,Family Sharing","KOEI TECMO GAMES CO., LTD.","KOEI TECMO GAMES CO., LTD.",19.99
Prototype-CUBE,"May 21, 2019",0,2,1,0,0 - 20000,"Action,Indie,Early Access","Single-player,Steam Achievements,Family Sharing",Enzian Game Development Team,Enzian Game Development Team,3.99
Storage Hunter Simulator,"Nov 27, 2025",0,2032,431,35,100000 - 200000,"Casual,Indie,Simulation","Single-player,Multi-player,Co-op,Online Co-op,Steam Achievements,Full controller support,Camera Comfort,Custom Volume Controls,Adjustable Difficulty,Playable without Timed Input,Save Anytime,Stereo Sound,Steam Cloud,Family Sharing",Raccoons Studio,astragon Entertainment,16.24
Hentai Sensei,"May 22, 2024",0,0,0,0,0 - 0,"Casual,Indie,Strategy","Single-player,Steam Achievements,Steam Cloud,Family Sharing",htaidisgust,htaidisgust,0.59
Vajont VR,"Oct 31, 2022",0,6,2,0,0 - 20000,Indie,"Single-player,Tracked Controller Support,VR Only,Family Sharing",Artheria,Artheria,5.99
Luna's Light,"Feb 26, 2024",0,36,8,0,0 - 20000,"Adventure,Indie","Single-player,Steam Achievements,Partial Controller Support,Family Sharing",AmSus4Games,AmSus4Games,5.99
The One Chapter 2,"May 1, 2023",0,0,0,50,0 - 20000,"Adventure,Indie","Single-player,Family Sharing",Coolpeng,Coolpeng,9.99
The Trashcan Games,"Nov 22, 2024",0,2,0,70,0 - 20000,"Action,Adventure,Casual,Indie,Simulation","Single-player,Family Sharing",G.W.O.Y.T. Games,G.W.O.Y.T. Games,4.49
JENTRIX,"Jan 27, 2022",0,16,1,0,0 - 20000,"Casual,Massively Multiplayer","Single-player,Multi-player,PvP,Online PvP,Tracked Controller Support,VR Only,Family Sharing",Arcadia,Spheroom,2.79
Whiskara,"Nov 20, 2024",0,2,0,0,0 - 20000,"Action,Adventure,Casual,Indie,RPG,Free To Play,Early Access","Single-player,Steam Achievements,Full controller support,Steam Cloud",Holdact Games,Holdact Games,0.0
Jiguland,"Oct 20, 2020",0,2,1,0,0 - 20000,"Adventure,RPG","Single-player,Family Sharing",Jiguman,Jiguman,0.99
Brick Inventions,"Mar 23, 2016",0,36,12,0,0 - 20000,"Indie,Simulation","Single-player,Multi-player,Steam Achievements,Stats,Family Sharing",BernhardM,BernhardM,4.99
Gotchi Guardians - Tower Defense,"Jul 30, 2025",0,0,0,0,0 - 0,"Casual,Indie,Strategy,Free To Play","Single-player,Multi-player,PvP,Online PvP,Cross-Platform Multiplayer,In-App Purchases",Pixelcraft Studios,Pixelcraft Studios,0.0
Railroad Manager,"Sep 13, 2024",0,3,3,60,0 - 20000,Strategy,"Single-player,Steam Achievements,Family Sharing",Ludetis UG (haftungsbeschr.),Ludetis UG (haftungsbeschr.),1.99
Road to Karatl,"Oct 6, 2025",0,0,0,0,0 - 0,Adventure,"Single-player,Steam Achievements,Playable without Timed Input,Family Sharing",Wild Angels Games,Wild Angels Games,1.49
TaniNani,"Jan 23, 2020",0,38,4,50,0 - 20000,Indie,"Single-player,Steam Achievements,Full controller support,Family Sharing",WhyKev,WhyKev,2.49
"Hamlet or the Last Game without MMORPG Features, Shaders and Product Placement","Oct 22, 2012",0,345,199,82,200000 - 500000,"Adventure,Indie","Single-player,Steam Trading Cards,Family Sharing",Denis Galanin (mif2000),Denis Galanin (mif2000),0.89
Coloring Book,"Mar 17, 2025",0,0,0,0,0 - 0,"Casual,Indie,Free To Play","Single-player,Full controller support",Games for Jonathan,Games for Jonathan,0.0
A Collection of Bad Moments,"Jan 12, 2018",0,16,11,0,0 - 20000,"Action,Adventure","Single-player,Steam Achievements,Captions available,Partial Controller Support,Family Sharing",Sky Trail Ltd,Sky Trail Ltd,3.79
SkullPirates,"Feb 6, 2026",0,0,0,0,0 - 0,"Action,Adventure,Indie,RPG","Single-player,Multi-player,Co-op,Shared/Split Screen Co-op,Shared/Split Screen,Steam Achievements,Full controller support,Custom Volume Controls,Playable without Timed Input,Stereo Sound,Steam Cloud,Remote Play Together,Family Sharing",Arcade Distillery,Arcade Distillery,2.99
Hidden Cats - Zoo,"Sep 12, 2024",0,41,8,20,0 - 20000,"Adventure,Casual","Single-player,Steam Achievements,Family Sharing",Hidden Cats,Hidden Cats,0.79
Bloodmoon Rush,"Jun 13, 2025",0,0,0,0,0 - 20000,"Action,Indie","Single-player,Steam Achievements,Full controller support,Custom Volume Controls,Keyboard Only Option,Stereo Sound,Steam Cloud,Steam Leaderboards,Family Sharing",SunDeer Studios,SunDeer Studios,9.99
Hypogean,"Oct 13, 2023",0,2,0,0,0 - 20000,"Casual,Simulation","Single-player,Family Sharing",DevLiakos,DevLiakos,8.0
Moonlight Minions,"Oct 22, 2014",0,20,27,0,0 - 20000,"Casual,Indie","Single-player,Steam Achievements,Family Sharing",Shorebound Studios,Shorebound Studios,0.99
Brendon's Water Polo,"Jun 21, 2024",0,0,0,0,0 - 20000,"Action,Casual,Sports","Single-player,Multi-player,Shared/Split Screen PvP,Shared/Split Screen,Remote Play Together,Family Sharing",Vincent Tulleners,Vincent Tulleners,8.99
Gal*Gun: Double Peace,"Sep 27, 2016",0,1867,280,0,100000 - 200000,"Action,Adventure","Single-player,Steam Achievements,Full controller support,Steam Trading Cards,Steam Cloud,Family Sharing","INTI CREATES CO., LTD.",PQube,7.49
War of Zanzor III: Birth of Unity,"May 24, 2024",0,0,0,0,0 - 20000,"Adventure,Indie,RPG","Single-player,Full controller support,Family Sharing",Ben Bartee,Ben Bartee,2.49
We are Blob,"Sep 27, 2024",0,0,0,0,0 - 20000,"Casual,Free To Play",Single-player,Black Banshee Studios,Black Banshee Studios,0.0
Sex motel,"Jan 27, 2024",0,0,0,50,0 - 20000,"Adventure,Casual,Indie,Simulation","Single-player,Steam Achievements,Family Sharing",Games For Pleasure,Games For Pleasure,4.99
Kissed by the Baddest Bidder,"Apr 5, 2023",0,26,3,50,0 - 20000,Adventure,"Single-player,Partial Controller Support,Family Sharing",UNICO INC.,Voltage Inc.,14.99
Vicious Gambling Agreement,"Mar 6, 2020",0,5,7,0,0 - 20000,"Action,Indie,RPG","Single-player,Partial Controller Support,Family Sharing",FANG,FANG,8.99
Operator: Drones,"Aug 4, 2023",0,0,0,0,0 - 20000,"Action,Indie,Simulation,Early Access","Single-player,Family Sharing",GameOfToday,GameOfToday,8.99
She and the Light Bearer,"Jan 17, 2019",0,300,51,80,20000 - 50000,"Adventure,Casual,Indie","Single-player,Steam Achievements,Partial Controller Support,Steam Cloud,Remote Play on Phone,Remote Play on Tablet,Family Sharing",Mojiken,Toge Productions,1.99
Dungeon Defenders Eternity,"Jul 22, 2014",0,782,795,0,200000 - 500000,"Action,Indie,RPG,Strategy","Single-player,Multi-player,Co-op,Cross-Platform Multiplayer,Steam Trading Cards,Steam Workshop,Partial Controller Support,Family Sharing",Nom Nom Games,Trendy Entertainment,0.0
Mandemon,"Aug 1, 2023",0,310,39,10,20000 - 50000,"Adventure,Indie","Single-player,Steam Achievements,Steam Trading Cards,Steam Cloud,Family Sharing",致意,致意,2.69
Spirit Driver,"Mar 3, 2025",0,5,0,0,0 - 20000,"Casual,Indie","Single-player,Steam Achievements,Steam Cloud,Family Sharing",Stellar Horse Studios,Stellar Horse Studios,3.49
Viral Firar,"Sep 7, 2021",0,192,41,0,50000 - 100000,"Casual,Indie",Single-player,Stratera Games,Stratera Games,0.0
Zulin Time,"Nov 24, 2019",0,14,4,0,0 - 20000,"Adventure,Free To Play,Indie","Single-player,Steam Achievements,Full controller support,Steam Cloud",Bazitov Mikhail,Bazitov Mikhail,0.0
e-Racer,"Apr 9, 2025",0,23,2,25,0 - 20000,"Racing,Sports","Single-player,Steam Cloud,Family Sharing","Jordan Freeman Group,Rage Software","Funbox Media Ltd,ZOOM Platform Media",2.24
Empyreal,"May 8, 2025",0,59,26,75,20000 - 50000,"Action,Adventure,Indie,RPG","Single-player,Steam Achievements,Full controller support,Steam Cloud,Family Sharing",Silent Games,Secret Mode,7.49
Carrier,"Aug 31, 2017",0,36,7,0,0 - 20000,"Casual,Free To Play",Single-player,Cuirass Entertainment Ltd.,Cuirass Entertainment Ltd.,0.0
Lands of Mine,"Dec 30, 2024",0,5,0,0,0 - 20000,"Action,Casual,Indie,RPG,Simulation","Single-player,Multi-player,Co-op,Online Co-op,LAN Co-op,Steam Cloud,Family Sharing",Sticklen Games,Sticklen Games,4.39
National Park Girls: Love Our Parks Edition,"Mar 14, 2019",0,199,16,0,0 - 20000,"Casual,Indie","Single-player,Steam Achievements,Steam Trading Cards,Captions available,Partial Controller Support,Steam Cloud,Family Sharing",Studio Élan,"Studio Élan,Studio Elan",11.99
The Last Game,"Apr 25, 2024",0,65,6,70,0 - 20000,"Action,Adventure,Indie","Single-player,Multi-player,Co-op,Shared/Split Screen Co-op,Shared/Split Screen,Steam Achievements,Full controller support,Remote Play Together,Family Sharing",Frédéric Julian,Frédéric Julian,2.09
Euphoria: Supreme Mechanics,"Oct 18, 2020",0,100,37,0,20000 - 50000,"Adventure,Casual,Indie,Simulation,Strategy","Single-player,Steam Achievements,Full controller support,Camera Comfort,Custom Volume Controls,Adjustable Difficulty,Playable without Timed Input,Save Anytime,Steam Cloud,Family Sharing",Whale Rock Games,Whale Rock Games,9.99
Hentai Nurse,"Mar 26, 2024",0,0,0,0,0 - 0,"Casual,Indie,Strategy","Single-player,Steam Achievements,Steam Cloud,Family Sharing",htaidisgust,htaidisgust,0.59
Aven Colony,"Jul 25, 2017",0,0,0,0,0 - 0,"Indie,Simulation,Strategy","Single-player,Steam Achievements,Steam Trading Cards,Steam Cloud,Family Sharing",Mothership Entertainment LLC,Team17 Digital Ltd,2.99
Sungka,"Jan 22, 2025",0,0,0,0,0 - 20000,"Casual,Strategy","Single-player,Multi-player,PvP,Shared/Split Screen PvP,Shared/Split Screen,Steam Achievements,Steam Cloud,Stats,Remote Play Together,Family Sharing",Ampersand Game Studios,Ampersand Game Studios,0.99
100 hidden gnomes,"Dec 2, 2020",0,186,68,40,20000 - 50000,"Adventure,Casual,Indie","Single-player,Steam Achievements,Family Sharing","Anatoliy Loginovskikh,Drop_Dead_Fred",Anatoliy Loginovskikh,0.59
FOREST SURVIVAL,"Aug 8, 2025",0,0,0,0,0 - 0,"Action,Indie","Single-player,Custom Volume Controls,Adjustable Difficulty,Playable without Timed Input,Family Sharing",友茘ゲームズ,友茘ゲームズ,0.99
Eastside Hockey Manager,"Dec 1, 2015",0,1142,191,75,200000 - 500000,"Simulation,Sports","Single-player,Multi-player,Steam Workshop,Family Sharing",Sports Interactive,SEGA,4.99
Rise of Nations: Extended Edition,"Jun 12, 2014",0,13962,782,67,1000000 - 2000000,"Simulation,Strategy","Single-player,Multi-player,Co-op,Steam Achievements,Steam Trading Cards,Steam Cloud,Stats,Steam Leaderboards,Family Sharing","SkyBox Labs,Big Huge Games",Xbox Game Studios,6.59
Barbearian,"Aug 14, 2018",0,70,18,50,0 - 20000,"Action,Indie","Single-player,Steam Achievements,Full controller support,Steam Trading Cards,Captions available,Adjustable Text Size,Camera Comfort,Custom Volume Controls,Adjustable Difficulty,Keyboard Only Option,Playable without Timed Input,Save Anytime,Stereo Sound,Subtitle Options,Steam Cloud,Remote Play on TV,Family Sharing",Kimmo Lahtinen,Kimmo Factor Oy,6.49
Last Week,"Feb 7, 2020",0,24,2,50,0 - 20000,"Indie,RPG","Single-player,Steam Achievements,Partial Controller Support,Family Sharing",Balbod,Balbod,3.99
Atomic Hazard,"Oct 19, 2023",0,1,0,0,0 - 20000,"Action,Adventure,Indie","Single-player,Multi-player,Co-op,Shared/Split Screen Co-op,Shared/Split Screen,Steam Achievements,Partial Controller Support,Steam Cloud,Remote Play Together,Family Sharing",Team-K,Team-K,2.49
Realms Of Bondage,"Apr 11, 2024",0,0,0,0,0 - 20000,"Casual,Simulation","Single-player,Steam Achievements,Steam Trading Cards,Steam Cloud,Family Sharing",Pink Tea,Pink Tea,11.39
Escape from Nightmare School,"Jan 3, 2025",0,3,0,0,200000 - 500000,"Adventure,Casual,Indie","Single-player,Family Sharing",Script,ScriptGames,0.99
Darkilson,"Feb 23, 2021",0,13,1,0,0 - 20000,"Casual,Indie","Single-player,Steam Achievements,Full controller support,Family Sharing",Komacho,Komacho,0.99
Super Hiking League DX,"Feb 18, 2020",0,35,2,60,0 - 20000,"Action,Adventure,Casual,Indie","Single-player,Multi-player,PvP,Shared/Split Screen PvP,Shared/Split Screen,Steam Achievements,Full controller support,Steam Cloud,Remote Play Together,Family Sharing",Bit Ink Studios,Bit Ink Studios,2.79
Jewel Match Twilight,"Oct 27, 2022",0,25,3,75,0 - 20000,"Casual,Indie","Single-player,Steam Achievements,Family Sharing",Suricate Software,Grey Alien Games,1.74
コインスロット,"Feb 7, 2025",0,0,0,70,0 - 20000,"Indie,Simulation,Early Access","Single-player,Steam Achievements,Family Sharing",cptyok,cptyok,0.59
Muddy Heights® 2,"Apr 19, 2016",0,338,65,0,20000 - 50000,Casual,"Single-player,Family Sharing","Rageborn Studio, LLC","Rageborn Studio, LLC",0.89
EndlessCar,"Dec 25, 2023",0,0,0,0,0 - 0,"Adventure,Casual,Free To Play",Single-player,LIJUN,LIJUN,0.0
PRISON LOVE,"Nov 7, 2025",0,0,0,60,0 - 20000,"Action,Adventure,Casual,Indie,RPG,Simulation,Sports","Single-player,Steam Achievements,Family Sharing",Hell Bomb Studio,Hell Bomb Studio,1.59
Lore: Curse Of The Elemental,"May 10, 2023",0,9,1,0,20000 - 50000,"Action,Adventure,Casual,Indie","Single-player,Full controller support,Family Sharing","Fred Grant Studios,Fred Grant",Fred Grant Studios,4.79
Magdalena,"Feb 22, 2016",0,144,193,51,200000 - 500000,"Adventure,Indie","Single-player,Steam Trading Cards,Partial Controller Support,Family Sharing",MagdalenaTeam,Conglomerate 5,0.49
Biohazardous Love ☣️,"Nov 12, 2025",0,0,0,0,0 - 20000,"Action,Adventure,Casual,Indie","Single-player,Steam Achievements,Camera Comfort,Custom Volume Controls,Keyboard Only Option,Mouse Only Option,Playable without Timed Input,Save Anytime,Stereo Sound,Subtitle Options,Touch Only Option,Family Sharing",TheBigO Games,EroBits,4.79
Fantasy Friends: Under The Sea,"Sep 28, 2021",0,6,5,0,0 - 20000,Casual,"Single-player,Steam Achievements,Partial Controller Support,Family Sharing",Xaloc Studios,Maximum Entertainment,1.99
KannaSchool,"Oct 1, 2024",0,4,0,0,0 - 20000,"Casual,Indie,Strategy","Single-player,Family Sharing",DQINE GAME,DQINE GAME,16.99
Jaunt,"Jul 6, 2021",0,0,0,0,0 - 0,Action,Single-player,Make Stuff Studio,Make Stuff Studio,0.0
Mon-Musu Quest,"Apr 28, 2022",0,0,0,60,0 - 20000,"Indie,RPG","Single-player,Full controller support,Steam Cloud,Family Sharing",四畳半ファクトリー,WASABI entertainment,5.99
The Final Print,"Jun 6, 2025",0,0,0,0,0 - 0,"Adventure,Free To Play","Single-player,Steam Achievements,Steam Cloud",Dummy Detectives,Breda University of Applied Sciences,0.0
Endless Furry Clicker,"Feb 20, 2021",0,34,12,0,0 - 20000,"Casual,Indie,Strategy","Single-player,Steam Achievements,In-App Purchases,Steam Cloud,Steam Leaderboards,Family Sharing",Tegridy Made Games,Tegridy Made Games,0.49
Descending Horror,"Dec 17, 2024",0,0,0,80,0 - 20000,"Adventure,Indie","Single-player,Family Sharing",Jacob Knight,Jacob Knight,1.59
Nemo_D.O,"Sep 14, 2017",0,9,2,78,0 - 20000,"Casual,Indie,Early Access","Single-player,Multi-player,PvP,Shared/Split Screen PvP,Shared/Split Screen,Full controller support,Remote Play Together,Family Sharing",GGHF,GGHF,0.87
Sloppy Goat,"Mar 29, 2018",0,75,29,0,0 - 20000,"Casual,Indie","Single-player,Steam Achievements,Family Sharing",SharkGame,Laush Studio,2.49
The Button Witch,"Dec 27, 2020",0,50,0,90,0 - 20000,"Adventure,Indie","Single-player,Family Sharing",DDreams Games,DDreams Games,1.49
HEGGO,"Aug 5, 2025",0,0,0,0,0 - 0,"Casual,Indie,RPG,Strategy,Free To Play","Single-player,Custom Volume Controls",WitheredSky,Withered Sky,0.0
Building our Futature,"Jan 9, 2023",0,0,0,0,0 - 20000,Casual,"Single-player,Steam Achievements,Steam Cloud,Family Sharing",Infidelisoft,Infidelisoft,10.49
Gates of Hell,"Nov 5, 2019",0,5,7,0,0 - 20000,"Action,Casual,Indie","Single-player,Steam Achievements,Partial Controller Support,Steam Cloud,Steam Leaderboards,Family Sharing",Reset Games Ltd,Reset Games Ltd,0.99
Vermis Orbita,"Jul 29, 2022",0,0,0,0,0 - 0,"Action,Indie","Single-player,Steam Achievements",Ethan Robichaux,Vultive Entertainment,0.0
Curse of the Corsair,"Apr 18, 2023",0,13,2,0,0 - 20000,"Action,Adventure","Single-player,Steam Achievements,Partial Controller Support,Steam Cloud",WolverineSoft Studio,WolverineSoft,0.0
Connected Hearts - Visual novel,"Aug 12, 2017",15,290,34,0,20000 - 50000,"Casual,Free To Play,Indie,Simulation","Single-player,Steam Achievements",Eternal Night Studios,"Stw Projects,Ziel Graywords",0.0
Nancy Drew®: Ghost of Thornton Hall,"May 14, 2013",0,268,20,35,20000 - 50000,Adventure,"Single-player,Family Sharing","HeR Interactive, Inc.",HeR Interactive,12.99
Escape From Tethys,"Jul 12, 2018",0,309,137,0,20000 - 50000,Action,"Single-player,Steam Achievements,Full controller support,Steam Cloud,Family Sharing",Whimsical,Whimsical,4.99
Hotline Miami,"Oct 23, 2012",17,103599,3058,80,2000000 - 5000000,"Action,Indie","Single-player,Steam Achievements,Full controller support,Steam Trading Cards,Steam Cloud,Steam Leaderboards,Family Sharing",Dennaton Games,Devolver Digital,1.99
Clicker: Glad Valakas,"Nov 26, 2018",0,153,59,27,0 - 20000,"Casual,Indie,Simulation","Single-player,Steam Achievements,Family Sharing",Gamesforfarm,Gamesforfarm,0.72
1001 Jigsaw. World Tour: Australian Puzzles,"Jan 6, 2019",0,8,6,0,0 - 20000,Casual,"Single-player,Family Sharing",Somer Games,8floor,14.99
Billy's Nightmare,"Oct 26, 2023",0,39,2,90,0 - 20000,"Action,Adventure,Indie","Single-player,Multi-player,Co-op,LAN Co-op,Shared/Split Screen Co-op,Shared/Split Screen,Steam Achievements,Partial Controller Support,Family Sharing",SantaGames,SantaGames,0.99
The Adventures Of Maximus,"Sep 10, 2020",0,0,2,0,0 - 20000,"Adventure,Indie","Single-player,Steam Achievements,Partial Controller Support,Family Sharing",Renecade,Renecade,10.99
The Last Alchemist,"Jul 12, 2024",0,101,23,60,0 - 20000,"Adventure,Simulation","Single-player,Steam Achievements,Steam Cloud,Family Sharing",Vile Monarch,Marvelous Europe,7.99
Country Hopper,"Feb 10, 2025",0,1,0,50,0 - 20000,"Casual,Indie,Simulation,Strategy","Single-player,Steam Achievements,Steam Cloud,Family Sharing",Blue Math,Blue Math,2.49
qrth-phyl,"Jul 19, 2018",0,24,2,0,20000 - 50000,Indie,"Single-player,Steam Achievements,Partial Controller Support,Steam Leaderboards,Family Sharing",Verran,Verran,2.49
Saihate Station,"Mar 7, 2025",0,0,0,0,0 - 0,"Adventure,Indie,RPG,Free To Play",Single-player,びぶ/viv,びぶ/viv,0.0
Arcsaber VR,"Jan 15, 2021",0,1,0,0,0 - 20000,"Action,Indie","Single-player,Tracked Controller Support,VR Only,Steam Cloud,Family Sharing",BB Games,BB Games,0.99
Tugboat Terror,"Nov 3, 2023",0,0,0,0,0 - 0,Adventure,"Single-player,Full controller support",Complicated Fish Games,DigiPen Institute of Technology,0.0
BIG LOOT,"Aug 21, 2025",0,0,0,0,0 - 20000,"Adventure,Indie,RPG,Early Access","Single-player,Family Sharing",Reverie Clouds,Reverie Clouds,8.03
Galaxy Too Far,"Aug 15, 2024",0,4,1,90,20000 - 50000,Indie,"Single-player,Steam Cloud,Family Sharing",BonaDies,BonaDies,1.19
Bounce Ball Blitz,"Nov 1, 2023",0,5,0,0,0 - 20000,"Action,Adventure,Casual,Indie,Sports,Free To Play","Single-player,Steam Cloud",Andrew Bespaly,Andrew Bespaly,0.0
Sword Art Online Re: Hollow Fragment,"Aug 20, 2018",0,1610,456,75,100000 - 200000,RPG,"Single-player,Multi-player,PvP,Online PvP,Co-op,Online Co-op,Steam Achievements,Partial Controller Support,Steam Cloud,Family Sharing","AQURIA Co., Ltd.",BANDAI NAMCO Entertainment,4.99
HOTEL WAZUMA,"Sep 30, 2024",0,10,1,30,0 - 20000,"Adventure,Indie,Simulation","Single-player,Family Sharing",루(Roux),루(Roux),6.99
Escape Memoirs: Questionable Side Stories,"Aug 7, 2023",0,0,0,0,0 - 0,"Adventure,Casual,Indie","Single-player,Multi-player,Co-op,Online Co-op,Steam Achievements,Captions available",0 Deer Soft,0 Deer Soft,0.0
Avalive,"Nov 1, 2019",0,9,4,0,0 - 20000,"Free To Play,Animation & Modeling,Audio Production,Utilities,Video Production",Steam Cloud,Avamoe,Avamoe,0.0
Full Moon Fishing,"Nov 11, 2025",0,0,0,0,0 - 20000,"Casual,Indie","Single-player,Steam Achievements,Family Sharing",Yelf,Yelf,2.99
Connect LegendofAutumn,"Dec 28, 2023",0,0,2,0,0 - 20000,Indie,"Single-player,Family Sharing",NarrativeArea,NarrativeArea,12.99
Murder Diaries: Ankara,"Mar 26, 2019",0,24,4,0,0 - 20000,"Action,Adventure,Indie","Single-player,Steam Achievements,Family Sharing",CDIS Lab.,CDIS,9.99
Thief’s Riddles,"Oct 16, 2025",0,0,0,0,0 - 0,"Action,Adventure,Simulation","Single-player,Family Sharing",SP GAMES,SP GAMES,1.94
Inexplicable Deaths In Damipolis: Inner Thoughts,"Dec 10, 2020",0,0,8,0,20000 - 50000,"Adventure,Indie","Single-player,Family Sharing",Tiesoft,Badland Publishing,1.99
Void Chaser,"Aug 25, 2023",0,0,0,90,0 - 20000,"Action,Casual,Indie","Single-player,Family Sharing",LGV,LGV,0.49
Paladin Dream,"Jul 12, 2021",0,8,2,0,0 - 20000,"Adventure,Indie,RPG","Single-player,Steam Achievements,Family Sharing",HitherYon Games,HitherYon Games,1.49
Shop Manager : Video Game Tycoon,"Mar 27, 2019",0,52,17,0,0 - 20000,"Casual,Indie,Simulation,Strategy","Single-player,Family Sharing",Faritengames,Faritengames,1.99
The Campsite,"Jan 31, 2025",0,0,0,0,0 - 0,"Adventure,Indie,Free To Play","Single-player,Steam Achievements,Steam Cloud",Guillem Espias,Guillem Espias,0.0
A Merchant's Promise,"Mar 21, 2025",0,55,5,40,0 - 20000,"Indie,Simulation,Early Access","Single-player,Full controller support,Family Sharing",Game Draft Studio,Game Draft Studio,5.99
6Souls,"Dec 3, 2021",0,17,1,0,0 - 20000,"Action,Adventure,Casual,Indie","Single-player,Steam Achievements,Full controller support,Family Sharing",BUG-Studio,Ratalaika Games S.L.,1.49
Sleeve Shock,"Aug 16, 2023",0,0,0,25,0 - 20000,"Simulation,Early Access","Single-player,Family Sharing",THM Studios,THM Studios,5.24
The Snowman's Journey,"Dec 29, 2020",0,3,0,0,0 - 20000,"Action,Adventure,Casual,Indie","Single-player,Full controller support,Family Sharing",Bcubedlabs,Bcubedlabs,4.99
Milky Way TD SURVIVORS AUTOBATTLER RTS: Earth,"Mar 22, 2024",0,0,0,0,0 - 0,"Casual,Indie,Strategy,Free To Play","Single-player,Steam Cloud","MyDreamForever,Tazdraperm",MyDreamForever,0.0
SGS Okinawa,"Nov 21, 2022",0,9,1,50,0 - 20000,"Simulation,Strategy","Single-player,Multi-player,PvP,Shared/Split Screen PvP,Shared/Split Screen,Remote Play Together,Family Sharing",Strategy Game Studio,Avalon Digital,7.49
Armada,"Aug 9, 2021",0,6,1,0,0 - 20000,"Action,Indie,Early Access","Multi-player,PvP,Online PvP,Family Sharing",Game Fruit,Game Fruit,0.99
废材队友,"Feb 28, 2024",0,21,0,50,0 - 20000,"Adventure,Indie,RPG","Single-player,Steam Achievements,Family Sharing",7Chords,7Chords,0.99
Desktop Angel,"Feb 18, 2025",18,0,0,0,0 - 0,"Casual,Simulation","Single-player,Steam Cloud,Family Sharing",BananaHub,BananaHub,0.79
UFO-Man,"Oct 24, 2024",0,5,1,50,0 - 20000,"Action,Adventure,Indie","Single-player,Steam Achievements,Family Sharing",Dyglone,Dyglone,3.49
FlatOut: Ultimate Carnage Collector's Edition,"Aug 26, 2008",0,5978,685,80,500000 - 1000000,Racing,"Single-player,Steam Achievements,Full controller support,Steam Trading Cards,Steam Workshop,Steam Workshop,Steam Cloud,Family Sharing","Bugbear Entertainment,ZOOM Platform Media,Jordan Freeman Group",Strategy First,3.99
Killing Floor 3,"Jul 24, 2025",0,0,0,33,0 - 20000,Action,"Single-player,Multi-player,Co-op,Online Co-op,Cross-Platform Multiplayer,Steam Achievements,Steam Trading Cards,In-App Purchases,Camera Comfort,Custom Volume Controls,Adjustable Difficulty,Stereo Sound,Surround Sound,Partial Controller Support,Family Sharing",Tripwire Interactive,Tripwire Interactive,26.79
Monster Energy Supercross - The Official Videogame 6,"Mar 9, 2023",0,330,152,90,0 - 20000,"Racing,Sports","Single-player,Multi-player,PvP,Online PvP,Shared/Split Screen PvP,Shared/Split Screen,Steam Achievements,Full controller support,Steam Trading Cards,Steam Cloud,Family Sharing",Milestone S.r.l.,Milestone S.r.l.,4.99
DuDu Kingdom,"Nov 22, 2023",0,0,0,0,0 - 20000,"Action,Adventure,Indie,RPG,Simulation,Early Access","Single-player,Family Sharing",WHM,WHM,3.99
Candle,"Nov 11, 2016",0,893,249,85,200000 - 500000,"Adventure,Indie","Single-player,Steam Achievements,Full controller support,Steam Trading Cards,Steam Cloud,Family Sharing",Teku Studios,Teku Studios,0.74
KinnikuNeko: SUPER MUSCLE CAT,"Mar 19, 2024",0,138,6,25,0 - 20000,"Action,Adventure,Indie","Single-player,Steam Achievements,Full controller support,Steam Cloud,Family Sharing",Kamotachi,Mameshiba Games,13.49
"Fright Chasers: Thrills, Chills and Kills Collector's Edition","May 17, 2020",0,0,2,0,0 - 20000,"Adventure,Casual","Single-player,Family Sharing",Mad Head Games,BFG Entertainment,4.99
Bananner Nababber,"Aug 13, 2022",0,0,0,0,0 - 0,"Action,Casual,Indie,Free To Play","Single-player,Partial Controller Support",Lazrool,GZ Storm,0.0
The Forest Prison,"Jun 4, 2022",0,2,4,0,50000 - 100000,"Action,Strategy,Free To Play,Early Access",Single-player,Vlad Cristian,Vlad Cristian,0.0
HYDROGEN,"Jul 18, 2024",0,10,0,0,0 - 20000,"Action,Adventure,Indie,Early Access","Single-player,Steam Achievements,Full controller support,Steam Cloud,Family Sharing",Majed Altaemi,Majed Altaemi,5.99
Prologue for a Vacant Kingdom,"Apr 18, 2019",0,226,10,0,20000 - 50000,"Action,Adventure,Free To Play,Indie,RPG","Single-player,Steam Achievements,Full controller support,Steam Cloud",shru,shru,0.0
HENTAI EXOTICA vol.2,"Oct 4, 2019",0,0,0,51,0 - 20000,Casual,"Single-player,Steam Achievements,Family Sharing",Elementarium games,Elementarium games,0.49
The Lost Penguin,"Nov 4, 2024",0,3,0,50,0 - 20000,"Adventure,Casual,Strategy","Single-player,Steam Achievements,Partial Controller Support,Family Sharing",OddGinger,OddGinger,0.99
Traffic Jam Simulator,"Feb 25, 2025",0,4,2,0,0 - 20000,"Casual,Indie,Simulation,Strategy","Single-player,Family Sharing",AA Mini Games Studio,AA Mini Games Studio,0.99
Pure Sniper,"Jun 12, 2023",0,0,0,0,0 - 20000,"Action,Free To Play","Single-player,Multi-player,PvP,Online PvP,In-App Purchases",Miniclip Derby,Miniclip Derby,0.0
王侯将相-充一返三（三倍返利版）,"Oct 27, 2023",0,4,9,0,0 - 20000,"Adventure,Massively Multiplayer,RPG,Strategy","Single-player,Multi-player,MMO,In-App Purchases",王侯将相项目组,王侯将相项目组,0.0
Small Town Detective,"Feb 28, 2023",0,13,5,0,0 - 20000,"Action,Casual,Indie","Single-player,Steam Achievements,Family Sharing",SimonDesign,SimonDesign,6.99
Black Powder Red Earth®,"Mar 29, 2021",0,192,28,0,0 - 20000,Strategy,"Single-player,Family Sharing",_Echelon Software,_Echelon Software,19.99
Guacomole,"Feb 2, 2023",0,5,1,0,0 - 20000,"Action,Casual,Indie,Strategy","Single-player,Steam Achievements,Full controller support,Family Sharing",Cody Harmon,Cody Harmon,3.99
The Dragon and the Djinn,"Jul 28, 2022",0,11,5,0,0 - 20000,"Action,Adventure,Casual,Indie,RPG","Single-player,Steam Achievements,Steam Cloud,Family Sharing",Choice of Games,Choice of Games,5.93
Nude and Afraid: 11 Day Challenge,"Oct 17, 2023",0,0,0,50,0 - 20000,"Casual,Indie,RPG,Simulation","Single-player,Steam Achievements,Family Sharing",Noxurtica,Noxurtica,4.99
The Dragon's Prophecy,"Jan 11, 2023",0,9,1,66,20000 - 50000,RPG,"Single-player,Partial Controller Support,Family Sharing",Old School Games,Aldorlea Games,3.05
Into the Breach,"Feb 27, 2018",0,19126,1090,70,1000000 - 2000000,"Indie,RPG,Simulation,Strategy","Single-player,Steam Achievements,Full controller support,Steam Trading Cards,Steam Cloud,Remote Play on Phone,Remote Play on Tablet,Remote Play on TV,Family Sharing",Subset Games,Subset Games,4.49
Snuffles and Co.,"Nov 16, 2018",0,4,0,0,0 - 20000,"Indie,Free To Play","Single-player,Stats",Rainbowpunch Studio,Rainbowpunch Studio,0.0
The Hundred Line -Last Defense Academy-,"Apr 23, 2025",0,4752,579,30,200000 - 500000,"Adventure,Simulation","Single-player,Steam Achievements,Full controller support,Steam Trading Cards,Steam Cloud,Family Sharing","Too Kyo Games,Media.Vision Inc.",Aniplex Inc.,41.99
Mortal Sin,"Aug 29, 2025",0,3313,148,20,200000 - 500000,"Action,Indie,RPG","Single-player,Steam Achievements,Full controller support,Steam Cloud,Family Sharing",Nikola Todorovic,Nikola Todorovic,19.99
Grassland defender Keita,"Aug 4, 2022",0,0,0,70,0 - 20000,"Casual,Indie,RPG","Single-player,Family Sharing",African boy Keita studio,African boy Keita studio,0.59
Power Link VR,"Sep 9, 2016",0,28,2,0,0 - 20000,"Casual,Indie,Simulation,Sports","Single-player,Tracked Controller Support,VR Only",Himi Games,Newsight games,0.0
MONMUSU,"May 11, 2018",0,4025,1012,0,500000 - 1000000,"Casual,Free To Play,Indie","Single-player,Steam Achievements,Steam Trading Cards,In-App Purchases,Steam Cloud",Tentacle Games,NEKO WORKs,0.0
Pinball Jam,"Apr 18, 2025",0,0,0,50,0 - 20000,"Casual,Indie,Simulation,Sports","Single-player,Steam Achievements,Full controller support,Steam Cloud,Steam Leaderboards,Family Sharing",Super PowerUp Games,Super PowerUp Games,9.99
Omegalodon,"Sep 20, 2013",0,278,132,75,20000 - 50000,"Action,Indie","Multi-player,Cross-Platform Multiplayer,Family Sharing",North of Earth,North of Earth,2.49
A Bloody Night,"Jun 22, 2017",0,85,20,50,20000 - 50000,"Action,Indie","Single-player,Steam Achievements,Full controller support,Steam Trading Cards,Steam Cloud,Family Sharing",Elder Leaf Studio,Elder Leaf Studio,1.49
Peach,"Aug 22, 2024",0,0,0,0,0 - 0,"Action,Adventure,Casual,Indie,RPG,Simulation,Sports,Strategy,Free To Play","Single-player,Steam Achievements,Steam Cloud,Stats,Steam Leaderboards",Yakno,Yakno,0.0
Kingdom Under Fire: The Crusaders,"Feb 28, 2020",0,950,81,0,50000 - 100000,"Action,RPG,Strategy","Single-player,Partial Controller Support,Family Sharing",Blueside,"Blueside,Incredi Soft",19.99
Spellinkers,"Nov 11, 2019",0,11,2,0,0 - 20000,"Casual,Indie,RPG,Strategy","Single-player,Family Sharing",PixLuna Game Studio,PixLuna Game Studio,0.99
Math Dash,"Feb 29, 2024",0,0,0,0,0 - 20000,Strategy,"Single-player,Family Sharing",RamicSoft,RamicSoft,8.99
VA-11 Hall-A: Cyberpunk Bartender Action,"Jun 21, 2016",0,35526,936,33,500000 - 1000000,"Adventure,Indie,Simulation","Single-player,Steam Achievements,Steam Trading Cards,Steam Cloud,Remote Play on Phone,Remote Play on Tablet,Family Sharing",Sukeban Games,"Ysbryd Games,PLAYISM",10.04
Breath of Ghosts,"Jun 9, 2022",0,13,21,0,20000 - 50000,"Action,Indie,Simulation","Single-player,Family Sharing",Piece Of Voxel,Piece Of Voxel,1.24
Beyond The Second Hour,"Dec 16, 2025",0,0,0,0,0 - 0,"Action,Adventure,Strategy","Single-player,Camera Comfort,Custom Volume Controls,Adjustable Difficulty,Mouse Only Option,Playable without Timed Input,Save Anytime,Remote Play Together,Family Sharing",Mohamed Samy,TIRUO online,3.49
Rock Wrecker,"Jul 14, 2022",0,3,0,0,0 - 20000,"Action,Adventure,Casual,Indie,RPG","Single-player,Family Sharing",Moist Apps,Moist Apps,2.0
Laughing to Die,"Apr 10, 2024",0,2587,91,25,100000 - 200000,"Adventure,Indie","Single-player,Steam Achievements,Steam Cloud,Family Sharing",大吉利制作组,"Gamera Games,Gamirror Games",3.74
Jurard Run,"Feb 6, 2025",0,0,0,0,0 - 0,"Action,Indie,Free To Play","Single-player,Steam Achievements,Full controller support",Saphertha,holo Indie,0.0
Please The Gods,"Jul 17, 2019",0,29,10,0,0 - 20000,"Adventure,RPG","Single-player,Family Sharing",Surma Games,Spawn Point OSK,9.99
DOOM 3,"Oct 15, 2012",17,9834,1535,0,1000000 - 2000000,Action,"Single-player,Multi-player,Steam Achievements,Partial Controller Support,Steam Leaderboards,Family Sharing",id Software,Bethesda Softworks,3.99
Until the Last Plane 1942,"Feb 18, 2025",0,0,0,0,0 - 0,"Action,Indie,Free To Play","Single-player,Multi-player,Co-op,Shared/Split Screen Co-op,Shared/Split Screen,Steam Achievements,Full controller support,Steam Cloud,Steam Leaderboards,Remote Play Together",CarloC-free,CarloC-free,0.0
Bryce Tiles,"Apr 24, 2025",0,22,0,0,0 - 20000,"Casual,Indie,Strategy","Single-player,Steam Achievements,Steam Workshop,Adjustable Text Size,Custom Volume Controls,Keyboard Only Option,Mouse Only Option,Playable without Timed Input,Stereo Sound,Partial Controller Support,Steam Cloud,Stats,Includes level editor,Family Sharing","Brilliance,Brilliance Games","Brilliance,Brilliance Games",5.59
DETECTIVE - Minerva case,"Jun 6, 2024",0,9,2,0,0 - 20000,"Adventure,Indie","Single-player,Steam Achievements,Full controller support,Steam Cloud,Family Sharing",k148 Game Studio,JanduSoft,2.74
"Warhammer® 40,000: Dawn of War® II Chaos Rising","Mar 11, 2010",17,3047,304,0,1000000 - 2000000,Strategy,"Single-player,Multi-player,Co-op,Steam Cloud,Family Sharing","Relic Entertainment,Feral Interactive (Mac/Linux)","SEGA,Feral Interactive (Mac/Linux)",0.0
Critical Fishing,"Nov 4, 2024",0,29,1,0,0 - 20000,"Action,Casual,Indie","Single-player,Family Sharing",lazygun,lazygun,2.99
The Backrooms Footage,"Sep 2, 2022",0,51,26,50,0 - 20000,"Action,Adventure,Casual,Indie,Simulation,Early Access","Single-player,Multi-player,PvP,Co-op,Steam Achievements,Captions available,Partial Controller Support,Steam Cloud,Stats,Steam Leaderboards,HDR available,Family Sharing",Untold Backrooms Stories,Untold Backrooms Stories,3.99
Rogue Heist,"Aug 21, 2019",0,136,259,0,100000 - 200000,"Action,Free To Play,Indie,Early Access","Multi-player,PvP,Online PvP,In-App Purchases,Family Sharing",Lifelike Studios,Time2Play Gaming Studios,0.0
Pizzeria,"Jul 8, 2024",0,0,0,0,0 - 0,"Action,Adventure,Casual,Indie,Strategy,Free To Play","Single-player,Steam Achievements,In-App Purchases",Green Juice Studios,Green Juice Studios,0.0
Diamond hunt,"Oct 9, 2020",0,2,0,0,0 - 20000,"Action,Indie","Single-player,Family Sharing",RockingDyde!,RockingDyde!,2.99
Sushi Bar Express,"Mar 22, 2023",0,12,4,75,0 - 20000,"Simulation,Strategy","Single-player,Steam Leaderboards,Family Sharing",NYX Digital Ltd,Funbox Media Ltd,2.49
My Yandere Sister loves me too much!,"Oct 16, 2020",0,0,0,50,0 - 20000,Casual,"Single-player,Steam Achievements,Full controller support,Family Sharing",Norn,Cherry Kiss Games,4.99
YogLabs: Testing Initiative,"Oct 24, 2025",0,0,0,0,0 - 0,"Adventure,Indie,Free To Play","Single-player,Steam Achievements,Custom Volume Controls,Playable without Timed Input,Stereo Sound,Subtitle Options,Surround Sound",Four White Cats,Four White Cats,0.0
Mythicard,"Nov 6, 2022",0,43,7,0,0 - 20000,"Casual,Indie,Massively Multiplayer,Strategy,Free To Play","Multi-player,PvP,Online PvP,Cross-Platform Multiplayer",Crackoder,Crackoder,0.0
Starters Orders 6 Horse Racing,"Jun 29, 2016",0,83,22,50,0 - 20000,"Racing,Simulation,Sports,Strategy","Single-player,VR Supported,Partial Controller Support,Family Sharing",Strategic Designs Ltd.,Strategic Designs Ltd.,17.49
Disc Golf Adventure VR,"Nov 8, 2019",0,7,3,80,0 - 20000,"Casual,Indie,Sports","Single-player,Multi-player,PvP,Online PvP,Tracked Controller Support,VR Only,Steam Leaderboards,Family Sharing","Brian Macumber,Kevin Macumber","Brian Macumber,Kevin Macumber",1.99
KAPITAL PUNISHMENT 22XX,"Mar 6, 2023",0,78,2,0,50000 - 100000,"Action,Indie,Early Access","Single-player,Steam Achievements,Full controller support,Steam Cloud,Steam Leaderboards,Family Sharing","Morningstar Game Studio,Dr. Shameless Cat Games",Morningstar Game Studio,4.99
Wren's Resurgence,"Jan 23, 2025",0,8,8,75,20000 - 50000,"Action,Adventure,Indie","Single-player,Steam Achievements,Full controller support,Steam Cloud,Family Sharing",Soliloquy Games,Soliloquy Games,1.24
Nomad Fleet,"Apr 19, 2016",0,140,69,0,20000 - 50000,"Indie,Strategy","Single-player,Steam Achievements,Steam Trading Cards,Family Sharing",Autarca,Autarca,0.79
Marginal act,"Mar 27, 2018",0,4,6,0,0 - 20000,"Adventure,Indie","Single-player,Steam Achievements,Partial Controller Support,Family Sharing",Marginalact,Marginalact,0.99
Pro Basketball Manager 2016,"Jan 14, 2016",0,40,37,0,0 - 20000,"Simulation,Sports","Single-player,Steam Cloud,Family Sharing","Cyanide Studio,Umix Studios",Nacon,14.99
Doggy Up!,"Dec 7, 2024",0,21,3,35,0 - 20000,Adventure,"Single-player,Steam Achievements,Full controller support,Steam Cloud,Family Sharing",Feas,"Feas_games,Axyos Games",2.59
Legends of Savvarah: Children of the Sun,"Jan 23, 2025",0,38,2,47,0 - 20000,"Adventure,Indie,RPG","Single-player,Steam Achievements,Family Sharing",ST Sinovar,ST Sinovar,4.23
Jump The Gun,"Nov 25, 2022",0,82,10,0,0 - 20000,"Adventure,Indie,Strategy","Single-player,Steam Achievements,Full controller support,Steam Cloud,Stats","Cameron Chin,Gavin Dewitt,Cardboard Games",Cameron Chin,0.0
Show Must Go On,"Jun 1, 2017",0,31,11,0,20000 - 50000,"Casual,Indie","Single-player,Tracked Controller Support,VR Only,Family Sharing",NiVision,NiVision,14.99
MindLift,"Dec 30, 2024",0,0,0,0,0 - 0,"Casual,Indie","Single-player,Family Sharing",SmallHandStudio,SmallHandStudio,0.99
Escape from the Marble Monster,"May 31, 2023",0,6,0,0,0 - 20000,"Action,Casual,Indie","Single-player,Steam Achievements,Partial Controller Support,Steam Leaderboards,Family Sharing",Elio Ruben Studios,Elio Ruben Studios,0.99
Paladin's Lance,"Jan 1, 2021",0,4,0,0,0 - 20000,"Action,Adventure,Indie,RPG,Simulation","Single-player,Steam Achievements,Family Sharing",BrightFox,BrightFox,2.99
Acting Lessons,"Jul 25, 2019",0,0,0,0,0 - 20000,Indie,"Single-player,Steam Achievements,Steam Trading Cards,Family Sharing",Dr PinkCake,Dr PinkCake,7.49
单身狗的最后机会,"Apr 8, 2021",0,45,8,0,0 - 20000,"Casual,Indie,RPG,Simulation","Single-player,Steam Achievements,Stats,Family Sharing",小鱼工作室,小鱼工作室,0.99
BitShift: BattleGrid,"Sep 28, 2016",0,6,0,0,0 - 20000,"Action,Indie,Early Access","Single-player,Multi-player,PvP,Online PvP,Shared/Split Screen PvP,Co-op,Online Co-op,Shared/Split Screen Co-op,Cross-Platform Multiplayer,Steam Achievements,Full controller support,Tracked Controller Support,VR Supported,Stats,Steam Leaderboards,Remote Play Together,Family Sharing",Animate Objects,Animate Objects,14.99
Rogue Sentry,"Apr 15, 2021",0,16,2,0,0 - 20000,"Action,Adventure,Indie","Single-player,Steam Achievements,Full controller support,Family Sharing",Mapledev,Mapledev,7.99
ERISLE,"Mar 10, 2017",0,13,12,0,0 - 20000,"Action,RPG,Early Access","Single-player,VR Supported,Steam Trading Cards,Partial Controller Support",Expect Studio,Expect Studio,0.0
Almost Dungeon,"May 3, 2024",0,1,0,0,0 - 20000,"Indie,Strategy","Single-player,Steam Achievements,Family Sharing",Almost Studio,Rubika Supinfogame,2.99
Just Walk,"Jul 3, 2024",0,8,0,0,20000 - 50000,"Action,Adventure,Casual,Indie,Simulation","Single-player,Steam Achievements,In-App Purchases,Stats,Steam Leaderboards,Family Sharing",1987 Studios,1987 Studios,0.99
Midnight Renegade: Recollections,"Jun 3, 2022",0,7,1,0,0 - 20000,"Action,Indie,RPG","Single-player,Full controller support",UltimaMaxima,UltimaMaxima,0.0
Tower Tag,"May 28, 2020",0,265,29,40,0 - 20000,"Action,Indie,Sports,Early Access","Multi-player,PvP,Online PvP,Steam Achievements,Tracked Controller Support,VR Only,Stats,Family Sharing",VR Nerds,VR Nerds,5.99
Arcade Boy,"Aug 27, 2021",0,13,3,0,100000 - 200000,"Action,Adventure,Casual,Indie,RPG","Single-player,Steam Achievements",Edvar Studio,Edvar Studio,0.0
Andromeda One Zombies,"Jul 15, 2020",0,29,36,0,50000 - 100000,"Action,Free To Play,RPG",Single-player,Yann GEFFROTIN,Yann GEFFROTIN,0.0
BeatTown,"May 16, 2025",0,0,0,0,0 - 20000,"Indie,RPG,Strategy","Single-player,Family Sharing",Kiwi Punch LLC,Kiwi Punch LLC,3.99
Elzzup,"Sep 6, 2023",0,5,1,0,0 - 20000,"Casual,Indie","Single-player,Family Sharing",Moumix,Moumix,3.99
Z.A.T.O. // I Love the World and Everything In It,"Nov 10, 2025",0,0,0,0,0 - 0,"Adventure,Indie,Free To Play","Single-player,Full controller support",Ferry // Nopanamaman,Ferry // Nopanamaman,0.0
Samsara Room,"Apr 29, 2020",0,8956,246,0,500000 - 1000000,"Adventure,Free To Play,Indie","Single-player,Steam Achievements,Steam Cloud",Rusty Lake,Rusty Lake,0.0
SYREN,"Feb 16, 2017",0,20,17,0,0 - 20000,"Nudity,Violent,Gore,Action","Single-player,Tracked Controller Support,VR Only,Family Sharing",Hammerhead VR,Hammerhead VR,19.99
It Steals,"Jul 22, 2020",0,2030,35,45,200000 - 500000,"Action,Indie","Single-player,Steam Achievements,Remote Play Together,Family Sharing",Zeekerss,Zeekerss,2.74
Stayin' Alive,"May 17, 2018",0,212,72,80,20000 - 50000,"Action,Casual,Indie","Single-player,Multi-player,PvP,Online PvP,Steam Achievements,Steam Trading Cards,Partial Controller Support,Steam Cloud,Family Sharing",IndieGala,IndieGala,1.19
Kate Kite,"May 7, 2021",0,2,0,0,0 - 20000,"Adventure,Casual,Indie,Racing,Sports","Single-player,Family Sharing","DY STUDIO,DY STUDIO",DY STUDIO,0.99
The Corn Maze,"Dec 25, 2024",0,12,9,60,20000 - 50000,"Casual,Indie,Strategy","Single-player,Steam Achievements,Family Sharing",Wild Wizard Studios,Wild Wizard Studios,1.59
"Lynn , The Girl Drawn On Puzzles","Nov 19, 2020",0,81,12,70,0 - 20000,"Casual,Indie,Strategy","Single-player,Steam Achievements,Partial Controller Support,Family Sharing",DOTORIS,DOTORIS,2.39
Phasmophobia,"Sep 18, 2020",0,736611,32168,30,10000000 - 20000000,"Action,Indie,Early Access","Single-player,Multi-player,Co-op,Online Co-op,Steam Achievements,Full controller support,Tracked Controller Support,VR Supported,Steam Trading Cards,Camera Comfort,Adjustable Difficulty,Playable without Timed Input,Stereo Sound,Surround Sound,Steam Cloud,Remote Play on Phone,Remote Play on Tablet,Family Sharing",Kinetic Games,Kinetic Games,13.99
For Her,"Apr 7, 2025",0,25,1,80,0 - 20000,"Adventure,Casual,Indie","Single-player,Steam Achievements,Family Sharing",Matthew,Matthew,0.99
Sculplings,"Mar 4, 2025",0,28,0,0,0 - 20000,"Action,Casual,Indie,Early Access","Single-player,Steam Achievements,Family Sharing","Conor Garity,Liam Kerrigan",Conor Garity,6.29
Fortitude Tower Defense,"Apr 2, 2025",0,5,1,60,0 - 20000,Strategy,"Single-player,Steam Achievements,Family Sharing",Gould Games,Gould Games,1.99
Super Urban Wizard,"Nov 1, 2019",0,1,7,86,0 - 20000,"Action,Casual,Indie","Single-player,Family Sharing","ShoeStringTeam,DemonSwordGames",Conglomerate 5,0.69
Immortal Hunters,"Mar 5, 2025",0,78,25,50,0 - 20000,"Action,Adventure,Indie,RPG","Single-player,Multi-player,Co-op,Online Co-op,Full controller support,Family Sharing",Admiral Games,indie.io,9.99
Vertical Kingdom,"Apr 15, 2024",0,106,23,35,0 - 20000,"Indie,Strategy","Single-player,Steam Achievements,Full controller support,Steam Cloud,Family Sharing",Farlight Games Industry,indie.io,12.99
Cobra Kai 2: Dojos Rising,"Nov 8, 2022",0,36,49,90,0 - 20000,Action,"Single-player,Multi-player,PvP,Online PvP,Shared/Split Screen PvP,Shared/Split Screen,Steam Achievements,Full controller support,Family Sharing",Flux Games,GameMill Entertainment,4.99
Sweetie Candy Maze: Red Cherry,"Aug 15, 2025",0,0,0,0,0 - 0,"Casual,Indie","Single-player,Steam Achievements,Full controller support,Camera Comfort,Custom Volume Controls,Playable without Timed Input,Stereo Sound,Steam Cloud,Family Sharing",Cute Hannah's Games,Cute Hannah's Games,0.55
The Brave Little Cloud,"Dec 13, 2023",0,30,0,88,0 - 20000,"Adventure,Indie","Single-player,Family Sharing",VICTORIA Games,VICTORIA Games,1.19
Destroyer,"Oct 19, 2016",0,7,2,80,0 - 20000,"Action,Casual,Indie,Simulation","Single-player,Tracked Controller Support,VR Only,Family Sharing",Arent,KOMODO,2.49
The Entropy Centre,"Nov 3, 2022",0,3312,367,65,500000 - 1000000,Adventure,"Single-player,Steam Achievements,Full controller support,Steam Cloud,Family Sharing",Stubby Games,Playstack,6.99
Zen Cube,"May 27, 2021",0,2,3,24,20000 - 50000,"Casual,Indie,Strategy","Single-player,Family Sharing",Derik Moretti da Silveira,Derik Moretti da Silveira,0.75
タナトス-Thanatos-,"Oct 27, 2024",0,0,0,0,0 - 20000,RPG,"Single-player,Family Sharing",とらいあんぐる！,とらいあんぐる！,12.49
Reus,"May 16, 2013",0,4576,1263,60,500000 - 1000000,"Indie,Simulation,Strategy","Single-player,Steam Achievements,Steam Trading Cards,Family Sharing",Abbey Games,Abbey Games,3.99
Nogalious MSX,"Feb 28, 2019",0,2,5,0,0 - 20000,"Action,Adventure,Casual,Indie","Single-player,Family Sharing",LUEGOLU3GO STUDIOS,LUEGOLU3GO STUDIOS,3.99
Voxel Race,"Nov 6, 2018",0,41,43,72,20000 - 50000,"Casual,Indie,Racing","Single-player,Partial Controller Support,Family Sharing",RewindApp,RewindApp,0.55
Bunny Mania 2,"Nov 23, 2017",0,5,1,0,0 - 20000,"Action,Casual,Indie,Strategy","Single-player,Family Sharing",Crispy Software Development,FeelThere,4.99
Lynne,"Jul 13, 2018",0,836,215,0,50000 - 100000,"Indie,Simulation,Free To Play","Single-player,Steam Achievements",ebi-hime,ebi-hime,0.0
It's Not Rocket Science!,"Apr 17, 2024",0,1,0,0,0 - 20000,"Action,Casual,Indie","Multi-player,PvP,Shared/Split Screen PvP,Co-op,Shared/Split Screen Co-op,Shared/Split Screen,Steam Achievements,Full controller support,Remote Play Together,Family Sharing",Fastest Rocket Team,Rubika Supinfogame,3.99
Brick BiuBiu,"Jul 13, 2021",0,0,0,0,0 - 20000,"Casual,Indie","Single-player,Family Sharing","Shanghai Online Information Technology Co.,Ltd","Shanghai Online Information Technology Co.,Ltd",0.99
Average Human Ball Game,"Aug 22, 2025",0,3,0,60,0 - 20000,"Action,Indie,Sports","Single-player,Multi-player,PvP,Online PvP,Shared/Split Screen PvP,Shared/Split Screen,Partial Controller Support,Family Sharing",Ultra Hypa Studios,Ultra Hypa Studios,1.99
Draft Day Sports: College Football 2022,"Feb 15, 2022",0,9,9,0,0 - 20000,"Indie,Simulation,Sports,Strategy","Single-player,Family Sharing",Wolverine Studios,Wolverine Studios,3.99
Cyberpunk Horror,"May 9, 2024",0,0,0,0,0 - 0,"Action,Adventure,Casual,Indie,RPG,Simulation,Sports,Strategy","Single-player,Steam Achievements,Family Sharing",Alex&R,AK Studio,2.49
Idle Armada,"Sep 23, 2020",0,51,6,25,0 - 20000,"Strategy,Early Access","Single-player,Steam Cloud,Family Sharing",Corfe83,Corfe83,2.99
Triversal,"Jul 13, 2021",0,23,1,0,0 - 20000,"Casual,Indie","Single-player,Steam Achievements,Full controller support,Steam Cloud,Steam Leaderboards,Remote Play on Phone,Remote Play on Tablet,Remote Play on TV,Family Sharing",Phantom Compass,Phantom Compass,11.99
The soldier in the mine,"Aug 14, 2017",0,65,66,86,100000 - 200000,"Action,Indie","Single-player,Steam Achievements,Family Sharing",Laush Dmitriy Sergeevich,Laush Studio,0.69
Need for Speed™,"Jun 4, 2020",0,16504,7099,88,1000000 - 2000000,"Action,Adventure,Racing,Simulation","Single-player,Multi-player,PvP,Online PvP,Co-op,Online Co-op,Steam Achievements,Full controller support,Steam Trading Cards",Ghost Games,Electronic Arts,3.59
Roman Adventures: Britons. Season 1,"Sep 20, 2018",0,36,2,50,0 - 20000,"Adventure,Casual,Simulation,Strategy","Single-player,Family Sharing",Qumaron,Qumaron,2.99
Knotwords,"Apr 28, 2022",0,49,6,0,0 - 20000,"Casual,Indie,Strategy","Single-player,Steam Achievements,Steam Cloud,Family Sharing","Zach Gage,Jack Schlesinger",Zach Gage,11.99
PrototypeOutpost3,"Dec 20, 2021",0,0,0,0,0 - 20000,"Action,Indie,RPG","Single-player,Family Sharing","XingChunFang,兴春坊",兴春坊,6.99
This Game Might Improve Your Memory,"Aug 7, 2020",0,4,2,0,0 - 20000,"Adventure,Indie,Simulation",Single-player,Harrison Mansolf,Harrison Mansolf,0.0
Gods and Idols,"Dec 12, 2016",0,531,225,0,100000 - 200000,"Indie,RPG,Simulation,Strategy,Free To Play,Early Access","Multi-player,MMO,PvP,Online PvP,Co-op,Online Co-op",JatteGames,JatteGames,0.0
The Bewildering Basilica of the Bishop of Bobtown,"Dec 7, 2024",0,1,0,0,0 - 20000,"Indie,Strategy,Early Access","Single-player,Steam Achievements,Steam Cloud,Family Sharing",Matrix Goat Studios,Matrix Goat Studios,4.99
Under The Crisis: Dárlia Island Remaster,"Jul 4, 2024",0,6,0,60,0 - 20000,"Action,Casual,Indie","Single-player,Steam Achievements,Full controller support,Family Sharing",Silent Dream,Silent Dream,1.99
EnchantedGirl - 纯情房东俏房客,"Feb 4, 2019",0,8,18,0,0 - 20000,"Adventure,Casual,RPG,Simulation","Single-player,Family Sharing",Shenzhen zhengyilong technology co. LTD.,Shenzhen zhengyilong technology co. LTD.,15.99
VR Mad Asylum,"Aug 5, 2021",0,1,1,0,0 - 20000,"Action,Indie","Single-player,Tracked Controller Support,VR Only,Family Sharing",Saturn VR,"Saturn VR,NipsApp Gaming Software",2.99
The Legend of Viccess,"Sep 30, 2019",0,1,0,0,0 - 20000,"Adventure,Indie,RPG","Single-player,Family Sharing",Domo Studio,Domo Studio,0.99
Snails,"May 4, 2015",0,12,4,0,20000 - 50000,"Action,Strategy","Single-player,Steam Achievements","Jorge Lima,Alexandre Fontoura",2Brains Games,0.0
МЕМАСИКИ ПО КЛАССИКЕ 2,"Feb 17, 2026",0,0,0,0,0 - 0,"Action,Adventure,Indie,RPG,Simulation","Single-player,Family Sharing",Reanim Games,STuNT,0.69
Carom Billiards,"Jul 3, 2020",0,2,9,0,0 - 20000,"Simulation,Sports","Single-player,Multi-player,Cross-Platform Multiplayer,Steam Leaderboards,Family Sharing",Pix Arts,Pix Arts,2.49
Marble Trap,"Sep 2, 2019",0,75,7,40,0 - 20000,"Action,Racing","Single-player,Steam Achievements,Full controller support,Steam Cloud,Steam Leaderboards,Family Sharing",NanningsGames,NanningsGames,1.79
Might of the Stones,"Feb 15, 2022",0,3,0,60,0 - 20000,"Adventure,RPG","Single-player,Family Sharing",Lichanos,Lichanos,0.79
Delivery Impossible,"Jan 5, 2024",0,15,0,80,0 - 20000,"Casual,Indie,Racing,Simulation","Single-player,Steam Achievements,Full controller support,Family Sharing",Drunk Fly Oy,Drunk Fly Oy,1.99
Angelstruck,"Jul 5, 2024",0,118,5,0,0 - 20000,"Action,Indie","Single-player,Steam Achievements,Full controller support,Steam Cloud,Family Sharing",Feral Paw,Feral Paw,4.19
"Gray Skies, Dark Waters","Jun 9, 2017",0,32,5,0,100000 - 200000,"Adventure,Casual,Indie","Single-player,Steam Achievements,Steam Trading Cards,Captions available,Steam Cloud,Commentary available,Family Sharing","Green Willow Games, LLC","Green Willow Games, LLC",2.49
World Destroyers,"Mar 14, 2017",0,12,2,0,0 - 20000,"Action,Indie","Single-player,Multi-player,PvP,Shared/Split Screen PvP,Co-op,Shared/Split Screen Co-op,Shared/Split Screen,Steam Achievements,Full controller support,Steam Cloud,Remote Play Together",HardHead Games,HardHead Games,0.0
Better Me Tree: Boot Camp,"Nov 1, 2024",0,0,0,75,0 - 20000,"Action,Adventure,Casual,Indie,RPG,Simulation","Single-player,Family Sharing",Better Me Tree,Better Me Tree,12.49
NA-Re: great chain of being,"Nov 6, 2024",0,0,0,0,0 - 0,"Indie,Free To Play",Single-player,NIN-GEN,Visual Floss KONATA,0.0
Gems Of Evolution,"Feb 15, 2025",0,6,2,0,0 - 20000,"Action,Indie","Single-player,Steam Achievements,Full controller support,Family Sharing",Keep The Engine Games,Keep The Engine Games,0.99
Hentai Royale,"Jul 23, 2021",0,0,0,0,0 - 20000,"Action,Adventure,Casual,Indie,RPG,Simulation","Single-player,Family Sharing",Boom Team,Boom Team,0.99
First Session,"Mar 1, 2021",0,67,17,0,100000 - 200000,"Adventure,RPG,Free To Play","Single-player,Steam Achievements",Lappi Soft,Lappi Soft,0.0
Astral Ascent,"Nov 14, 2023",0,6549,365,50,200000 - 500000,"Action,Adventure,Indie","Single-player,Multi-player,Co-op,Shared/Split Screen Co-op,Shared/Split Screen,Steam Achievements,Full controller support,Steam Trading Cards,Steam Cloud,Remote Play Together,Family Sharing",Hibernian Workshop,"Hibernian Workshop,MP2 Games",12.49
Workplace Fantasy,"Nov 15, 2023",0,0,0,50,0 - 20000,"Adventure,Indie,RPG","Single-player,Steam Cloud,Family Sharing",HappyCreator,HappyCreator,4.99
Inner,"Aug 15, 2019",0,16,5,0,0 - 20000,Indie,Single-player,DarkStone Digital,DarkStone Digital,0.0
Merge,"Aug 22, 2019",0,7,4,0,0 - 20000,Action,"Multi-player,PvP,Shared/Split Screen PvP,Shared/Split Screen,Full controller support,Remote Play Together",Darkflare,DigiPen Institute of Technology,0.0
SWAT Commander,"Jul 31, 2025",0,0,0,20,0 - 20000,"Action,Indie,Simulation,Early Access","Single-player,Multi-player,Co-op,Online Co-op,Steam Achievements,Full controller support,Camera Comfort,Color Alternatives,Custom Volume Controls,Adjustable Difficulty,Playable without Timed Input,Steam Cloud,Family Sharing","Red Mountain Games,Ritual Interactive",Ritual Interactive,15.99
TYPER GIRL,"May 23, 2022",0,51,29,35,0 - 20000,"Action,Casual,Indie","Single-player,Steam Achievements,Steam Cloud,Stats,Steam Leaderboards,Family Sharing",好色猫,好色猫,0.64
15in1 Solitaire,"Feb 22, 2024",0,1,4,75,0 - 20000,"Casual,Strategy","Single-player,Steam Achievements,Family Sharing",Inlogic Software,Silesia Games,0.74
Dwerve,"May 31, 2022",0,400,144,0,20000 - 50000,"Action,Adventure,Indie,RPG,Strategy","Single-player,Steam Achievements,Full controller support,Steam Cloud,Family Sharing",Half Human Games,"Half Human Games,Electronic Sheep Games",12.99
QUICKERFLAK_RUTHLESSMOD,"Jun 10, 2022",0,37,4,73,0 - 20000,"Action,Adventure,Indie","Single-player,Steam Achievements,Partial Controller Support,Family Sharing",Walter Machado,Walter Machado,0.49
Sauce Factory Tycoon,"Nov 5, 2025",0,0,0,0,0 - 20000,"Simulation,Strategy","Single-player,Family Sharing",Tovaho,Tovaho,4.99
Bling Bling Bankruptcy,"May 1, 2025",0,0,0,0,0 - 0,"Casual,Indie,Simulation,Strategy,Free To Play,Early Access","Single-player,Steam Achievements",Lucky Byte Games,Lucky Byte Games,0.0
Football Manager 2019 Touch,"Nov 2, 2018",0,333,69,0,100000 - 200000,"Simulation,Sports","Single-player,Multi-player,Steam Achievements,Steam Workshop,Steam Cloud,Steam Leaderboards,Family Sharing",Sports Interactive,SEGA,0.0
Age of Fear 4: The Iron Killer,"Apr 30, 2021",0,42,8,65,0 - 20000,"Indie,RPG,Strategy","Single-player,Steam Achievements,Steam Trading Cards,Steam Workshop,Steam Cloud,Includes level editor,Remote Play Together,Family Sharing",Leslaw Sliwko,Age of Fear,10.49
Crash Time 3,"Nov 25, 2009",0,519,97,80,20000 - 50000,"Action,Racing","Single-player,Multi-player,Family Sharing",Synetic,Kalypso Media Digital,1.19
Rainbow Run,"Jul 10, 2019",0,1,1,0,0 - 20000,"Action,Casual,Indie,Strategy","Single-player,Steam Achievements,Partial Controller Support,Family Sharing",CRGames,CRGames,2.99
Island Maze,"Oct 29, 2018",0,6,0,72,0 - 20000,"Casual,Indie","Single-player,Steam Achievements,Full controller support,Steam Cloud,Family Sharing",Drageus Games S.A.,Drageus Games S.A.,0.55
Retro Block VR,"Jul 10, 2017",0,0,1,0,0 - 20000,"Casual,Indie","Single-player,Full controller support,VR Only,Family Sharing",Mocove Studio,Mocove Studio,2.99
执行人 Executor,"Nov 6, 2018",0,13,2,0,0 - 20000,Indie,"Single-player,Family Sharing",GuGong,GuGong,1.99
Pet Oddities: Desktop Shelter,"Nov 11, 2025",0,0,0,0,0 - 0,"Casual,Indie,Simulation","Single-player,Family Sharing",Li SHENRUI,Li SHENRUI,2.99
Moon Journey - China's Lunar Exploration Digital Museum,"Mar 27, 2025",0,0,0,0,0 - 0,"Adventure,Casual,RPG,Simulation,Strategy,Free To Play",Single-player,"郝锐昌工作室,交互设计师：钟仁杰,郝锐昌（中国人工智能学会）","郝锐昌工作室,福建省动漫游戏行业协会,泉州青春志动漫科技有限公司",0.0
Dreamwalker,"Dec 1, 2023",0,2,0,0,0 - 20000,Indie,"Single-player,Steam Achievements,Partial Controller Support,Steam Cloud,Family Sharing",JayzonBH,JayzonBH Games,1.49
Please FUCK ME my SEXY neighbor,"Feb 10, 2023",0,0,0,80,0 - 20000,"Action,Adventure,Casual,Indie,RPG,Simulation,Sports","Single-player,Tracked Controller Support,VR Only,Family Sharing",Studio next door VR,Studio next door VR,3.99
15 Minutes Dungeon,"Oct 18, 2025",0,6,0,0,0 - 20000,"Casual,RPG","Single-player,Steam Achievements,Partial Controller Support,Family Sharing","Daruma The Factory, Inc.","Daruma The Factory, Inc.",5.99
Jester,"Oct 1, 2024",0,1,0,0,0 - 20000,Casual,"Single-player,Family Sharing",LN,LN,0.99
Moose Life,"Aug 13, 2020",0,93,2,0,0 - 20000,"Action,Indie","Single-player,Steam Achievements,VR Supported,Partial Controller Support,Steam Leaderboards,Family Sharing",Llamasoft Ltd.,Llamasoft Ltd.,6.99
Hot Pussy College 🍓🔞,"Oct 15, 2022",0,0,0,0,0 - 0,"Casual,Indie","Single-player,Steam Achievements,Steam Trading Cards,Family Sharing",Octo Games,Octo Games,1.04
Chicken Up,"Nov 2, 2025",0,0,0,30,0 - 20000,"Action,Adventure","Single-player,Steam Achievements,Full controller support,Stats,Family Sharing",Moonclaw Games,Moonclaw Games,4.19
Radio Violence,"Apr 16, 2019",0,2,0,0,20000 - 50000,Strategy,"Multi-player,PvP,Shared/Split Screen PvP,Full controller support,Remote Play Together,Family Sharing",No Sleep Software Ltd.,No Sleep Software Ltd.,4.99
Heinz Honor and Revenge,"Feb 2, 2025",0,0,0,10,0 - 20000,"Action,Indie","Single-player,Steam Achievements,Full controller support,Family Sharing",Melongaming,Melongaming,8.99
Synthwave FURY,"Feb 9, 2023",0,4,8,0,0 - 20000,"Action,Casual,Indie,Racing,Simulation","Single-player,Steam Achievements,Full controller support,Family Sharing",New England Interactive,New England Interactive,2.99
Sapphire Safari,"Mar 21, 2025",0,0,0,30,0 - 20000,"Adventure,Casual,Early Access","Single-player,Steam Achievements,Full controller support,Steam Trading Cards,Steam Cloud,Family Sharing",Kinky Fridays,Kinky Fridays,9.09
Void Guard Outpost,"Mar 21, 2025",0,1,0,0,0 - 20000,Strategy,"Single-player,Steam Achievements,Steam Cloud,Steam Leaderboards,Family Sharing",Winged Dog Studios,Winged Dog Studios,7.49
Tails & Titties Hot Spring,"Oct 11, 2021",0,0,0,50,0 - 20000,Casual,"Single-player,Steam Achievements,Full controller support,Family Sharing",Norn,Cherry Kiss Games,4.99
春秋:英雄(Heroes of ChunQiu),"Feb 28, 2025",0,5,4,0,20000 - 50000,"Indie,RPG,Strategy","Single-player,Family Sharing",彩虹工坊,彩虹工坊,0.99
Cyber Prison Management,"Aug 28, 2023",0,2,1,85,0 - 20000,"Simulation,Strategy","Single-player,Steam Achievements,Family Sharing",Michael Richard Lannon,Michael Richard Lannon,1.49
Street Vendor's Journey,"Feb 2, 2026",0,0,0,0,0 - 0,"Simulation,Early Access","Single-player,Custom Volume Controls,Adjustable Difficulty,Playable without Timed Input,Save Anytime,Stereo Sound,Surround Sound,Family Sharing",Wet Fox Games,Wet Fox Games,0.0
Biomagnet,"Oct 17, 2019",0,0,0,0,0 - 20000,"Action,Adventure,Casual,Indie,Simulation","Single-player,Steam Cloud,Family Sharing",I donnt know,Mon ga,3.99
The Fruitless Flower 雾雨中的徒花,"Mar 9, 2018",0,108,7,51,0 - 20000,"Indie,RPG","Single-player,Steam Achievements,Steam Cloud,Family Sharing",凝冰剑斩,凝冰剑斩,0.49
Murgles,"Oct 29, 2019",0,7,2,0,20000 - 50000,"RPG,Strategy","Single-player,Family Sharing",Jumping Pound Games,Jumping Pound Games,8.99
Deep Sea Arena,"May 22, 2025",0,0,0,43,0 - 20000,Action,"Single-player,Steam Achievements,Steam Leaderboards,Family Sharing",Aethvion,Aethvion,2.84
There's No Differences: Dragons,"Feb 13, 2026",0,0,0,0,0 - 0,"Casual,Indie","Single-player,Family Sharing",Error 300,"Error 300,Gamersky Games",3.59
The Last Express Gold Edition,"Nov 21, 2013",0,279,66,80,50000 - 100000,Adventure,"Single-player,Steam Achievements,Steam Trading Cards,Steam Cloud,Family Sharing",Dotemu,Dotemu,1.39
The Map Is The Thing,"Jun 18, 2025",0,0,0,20,0 - 20000,"Casual,Indie","Single-player,Steam Achievements,Full controller support,Camera Comfort,Color Alternatives,Custom Volume Controls,Keyboard Only Option,Mouse Only Option,Playable without Timed Input,Touch Only Option,Steam Cloud,Family Sharing",Muffin Man Games,Muffin Man Games,3.99
Deterrence,"Mar 8, 2024",0,3,0,75,0 - 20000,"Action,Strategy","Single-player,Steam Achievements,Steam Leaderboards,Family Sharing",Pisces Studios,Pisces Studios,2.49
Solar System Journey VR,"Jul 24, 2017",0,1,2,0,0 - 20000,"Action,Casual,Simulation","Single-player,VR Supported,Partial Controller Support,Family Sharing",Amusitronix,Amusitronix,1.99
Signed Mary,"Sep 30, 2024",0,17,2,50,0 - 20000,"Adventure,Indie","Single-player,Family Sharing",Moț Andrei Laurențiu,Moț Andrei laurențiu,1.49
Divine Orders,"May 22, 2025",0,19,1,30,0 - 20000,Action,"Single-player,Steam Achievements,Full controller support,Family Sharing",angle M,angle M,4.19
A.D. 2047,"Jul 8, 2021",0,78,34,0,100000 - 200000,"Action,Adventure,RPG","Single-player,Tracked Controller Support,VR Only,Steam Trading Cards,Family Sharing",Leenzee Games,Leenzee Games,19.99
STEEL STRIDER,"Nov 12, 2015",0,56,16,60,20000 - 50000,"Action,Indie","Single-player,Steam Achievements,Steam Trading Cards,Partial Controller Support,Steam Cloud,Steam Leaderboards,Family Sharing",ASTRO PORT,Henteko Doujin,2.39
Lockdown VR: Forgotten Temple,"Mar 16, 2023",0,0,1,15,0 - 20000,"Adventure,Casual,Indie,Strategy","Single-player,Multi-player,Co-op,Online Co-op,VR Only,Family Sharing",Zoom Games,Lockdown Escape,5.09
Parfait Remake,"Jul 19, 2024",0,273,26,40,0 - 20000,"Adventure,Casual","Single-player,Steam Achievements,Steam Cloud,Family Sharing","GIGA,Entergram",HIKARI PULSE,20.99
Dirty Room,"Mar 24, 2023",0,0,0,0,0 - 0,"Action,Adventure,Free To Play,Indie,RPG","Single-player,Steam Achievements,Partial Controller Support,Steam Cloud",Tactic Forge,Tactic Forge,0.0
Re:|THM - once upon a time,"Feb 9, 2023",0,0,0,0,0 - 0,"Free To Play,Indie,RPG,Early Access",Single-player,Boyagers Games,Boyagers Games,0.0
NEKOPARA After,"Jun 30, 2025",0,0,0,10,0 - 20000,"Adventure,Casual,Indie","Single-player,Steam Achievements,Steam Cloud,Family Sharing",NEKO WORKs,Sekai Project,8.99
Blood Knot,"Nov 13, 2020",0,5,1,90,0 - 20000,"Adventure,Indie,RPG","Single-player,Steam Achievements,Partial Controller Support,Family Sharing",Crow's Perch,Aldorlea Games,1.19
Beyond Doors,"Jan 12, 2024",0,16,0,70,0 - 20000,Adventure,"Single-player,Steam Achievements,Full controller support,Family Sharing",Old School Vibes,Old School Vibes,0.89
